uuid,name,description,class,datatype,shortname,synonym.1,synonym.2,synonym.3,answer.1,reference-term-source,reference-term-code,reference-term-relationship,
0016512d-4388-44f0-a4b6-f6ad9e18fdcd,,Mild persistent asthma,,Diagnosis,N/A,Mild persistent asthma,,,,,ICD-10-WHO,J45.9,SAME-AS
006ab3b2-a0ea-45bf-b495-83e06f26f87a,,Acute rheumatic fever,,Diagnosis,N/A,Acute rheumatic fever,,,,,ICD-10-WHO,I00,SAME-AS
0670f6b9-5456-4bd3-86b1-846abc4fe2ba,,Heart Failure,,Diagnosis,N/A,Heart Failure,,,,,ICD-10-WHO,I50.9,SAME-AS
08e9c0e1-d72f-425d-81ea-dbe88eb90772,,Birth asphyxia,,Diagnosis,N/A,Birth asphyxia,,,,,ICD-10-WHO,P21.9,SAME-AS
105903f4-7b6d-496a-b613-37ab9d0f5450,,Type 1 Diabetes,,Diagnosis,N/A,Type 1 Diabetes,,,,,ICD-10-WHO,E10,SAME-AS
111103AAAAAAAAAAAAAAAAAAAAAAAAAAAAAA,,Cerebrovascular Accident,,Diagnosis,N/A,Cerebrovascular Accident,,,,,ICD-10-WHO,I64,SAME-AS
111103AAAAAAAAAAAAAAAAAAAAAAAAAAAAAA,,Stroke,,Diagnosis,N/A,Stroke,,,,,ICD-10-WHO,I64,SAME-AS
111459AAAAAAAAAAAAAAAAAAAAAAAAAAAAAA,,Vitiligo,,Diagnosis,N/A,Vitiligo,,,,,ICD-10-WHO,L80,SAME-AS
111588AAAAAAAAAAAAAAAAAAAAAAAAAAAAAA,,Vaginal Enterocele,,Diagnosis,N/A,Vaginal Enterocele,,,,,ICD-10-WHO,N81.5,SAME-AS
111604AAAAAAAAAAAAAAAAAAAAAAAAAAAAAA,,Vaccination,,Diagnosis,N/A,Vaccination,,,,,,,
111628AAAAAAAAAAAAAAAAAAAAAAAAAAAAAA,,Urinary calculus,,Diagnosis,N/A,Urinary calculus,,,,,ICD-10-WHO,N20.9,SAME-AS
111636AAAAAAAAAAAAAAAAAAAAAAAAAAAAAA,,Urinary incontinence,,Diagnosis,N/A,Urinary incontinence,,,,,ICD-10-WHO,R32,SAME-AS
111705AAAAAAAAAAAAAAAAAAAAAAAAAAAAAA,,Umbilical Cord Complication During Labor and Delivery,,Diagnosis,N/A,Umbilical Cord Complication During Labor and Delivery,,,,,ICD-10-WHO,O69.9,SAME-AS
111772AAAAAAAAAAAAAAAAAAAAAAAAAAAAAA,,Twin Pregnancy,,Diagnosis,N/A,Twin Pregnancy,,,,,ICD-10-WHO,O30.0,SAME-AS
11180d8f-1628-4ea7-9fcc-ea80726d3829,,Dilated cardiomyopathy,,Diagnosis,N/A,Dilated cardiomyopathy,,,,,ICD-10-WHO,I42.0,SAME-AS
111939AAAAAAAAAAAAAAAAAAAAAAAAAAAAAA,,Tuberculosis of skin and subcutaneous tissue,,Diagnosis,N/A,Tuberculosis of skin and subcutaneous tissue,,,,,ICD-10-WHO,A18.4,SAME-AS
112094AAAAAAAAAAAAAAAAAAAAAAAAAAAAAA,,Tuberculosis Of Central Nervous System,,Diagnosis,N/A,Tuberculosis Of Central Nervous System,,,,,ICD-10-WHO,A17.9,SAME-AS
112115AAAAAAAAAAAAAAAAAAAAAAAAAAAAAA,,Tuberculosis of bones and joints,,Diagnosis,N/A,Tuberculosis of bones and joints,,,,,ICD-10-WHO,A18.0,SAME-AS
112188AAAAAAAAAAAAAAAAAAAAAAAAAAAAAA,,Triplet Pregnancy,,Diagnosis,N/A,Triplet Pregnancy,,,,,ICD-10-WHO,O30.1,SAME-AS
112276AAAAAAAAAAAAAAAAAAAAAAAAAAAAAA,,Transient Cerebral Ischemia,,Diagnosis,N/A,Transient Cerebral Ischemia,,,,,ICD-10-WHO,G45.9,SAME-AS
112341AAAAAAAAAAAAAAAAAAAAAAAAAAAAAA,,Torticollis,,Diagnosis,N/A,Torticollis,,,,,ICD-10-WHO,M43.6,SAME-AS
112345AAAAAAAAAAAAAAAAAAAAAAAAAAAAAA,,Tooth loss,,Diagnosis,N/A,Tooth loss,,,,,ICD-10-WHO,K08.1,SAME-AS
112385AAAAAAAAAAAAAAAAAAAAAAAAAAAAAA,,Thyroiditis,,Diagnosis,N/A,Thyroiditis,,,,,ICD-10-WHO,E06.9,SAME-AS
112416AAAAAAAAAAAAAAAAAAAAAAAAAAAAAA,,Threatened abortion,,Diagnosis,N/A,Threatened abortion,,,,,ICD-10-WHO,O20.0,SAME-AS
112476AAAAAAAAAAAAAAAAAAAAAAAAAAAAAA,,Systemic lupus erythematosus,,Diagnosis,N/A,Systemic lupus erythematosus,,,,,ICD-10-WHO,M32.9,SAME-AS
112783AAAAAAAAAAAAAAAAAAAAAAAAAAAAAA,,Ankle sprain or strain,,Diagnosis,N/A,Ankle sprain or strain,,,,,ICD-10-WHO,S93.4,SAME-AS
112827AAAAAAAAAAAAAAAAAAAAAAAAAAAAAA,,Spinal cord injury,,Diagnosis,N/A,Spinal cord injury,,,,,ICD-10-WHO,T09.3,SAME-AS
112846AAAAAAAAAAAAAAAAAAAAAAAAAAAAAA,,Speech/Language Disorder,,Diagnosis,N/A,Speech/Language Disorder,,,,,ICD-10-WHO,F80.8,SAME-AS
112917AAAAAAAAAAAAAAAAAAAAAAAAAAAAAA,,Small for gestational age,,Diagnosis,N/A,Small for gestational age,,,,,ICD-10-WHO,P05.1,SAME-AS
112934AAAAAAAAAAAAAAAAAAAAAAAAAAAAAA,,Skin ulcer,,Diagnosis,N/A,Skin ulcer,,,,,ICD-10-WHO,L98.4,SAME-AS
112980AAAAAAAAAAAAAAAAAAAAAAAAAAAAAA,,Shoulder girdle dystocia,,Diagnosis,N/A,Shoulder girdle dystocia,,,,,ICD-10-WHO,O66.0,SAME-AS
113018AAAAAAAAAAAAAAAAAAAAAAAAAAAAAA,,Severe persistent asthma,,Diagnosis,N/A,Severe persistent asthma,,,,,ICD-10-WHO,J45.9,NARROWER-THAN
113046AAAAAAAAAAAAAAAAAAAAAAAAAAAAAA,,Senile Cataract,,Diagnosis,N/A,Senile Cataract,,,,,ICD-10-WHO,H25.9,SAME-AS
113205AAAAAAAAAAAAAAAAAAAAAAAAAAAAAA,,Rubella,,Diagnosis,N/A,Rubella,,,,,ICD-10-WHO,B06.9,SAME-AS
113208AAAAAAAAAAAAAAAAAAAAAAAAAAAAAA,,Rotator Cuff Rupture,,Diagnosis,N/A,Rotator Cuff Rupture,,,,,ICD-10-WHO,M75.1,SAME-AS
113279AAAAAAAAAAAAAAAAAAAAAAAAAAAAAA,,Retained placenta without hemorrhage,,Diagnosis,N/A,Retained placenta without hemorrhage,,,,,ICD-10-WHO,O73.0,SAME-AS
113292AAAAAAAAAAAAAAAAAAAAAAAAAAAAAA,,Foreign body in eye,,Diagnosis,N/A,Foreign body in eye,,,,,ICD-10-WHO,T15.9,SAME-AS
113588AAAAAAAAAAAAAAAAAAAAAAAAAAAAAA,,Prostatitis,,Diagnosis,N/A,Prostatitis,,,,,ICD-10-WHO,N41.9,SAME-AS
113599AAAAAAAAAAAAAAAAAAAAAAAAAAAAAA,,Prolonged Pregnancy,,Diagnosis,N/A,Prolonged Pregnancy,,,,,ICD-10-WHO,O48,SAME-AS
113602AAAAAAAAAAAAAAAAAAAAAAAAAAAAAA,,Prolonged labor,,Diagnosis,N/A,Prolonged labor,,,,,ICD-10-WHO,O63.9,SAME-AS
113612AAAAAAAAAAAAAAAAAAAAAAAAAAAAAA,,Female genital prolapse,,Diagnosis,N/A,Female genital prolapse,,,,,ICD-10-WHO,N81.9,SAME-AS
113656AAAAAAAAAAAAAAAAAAAAAAAAAAAAAA,,Syphilitic Chancre,,Diagnosis,N/A,Syphilitic Chancre,,,,,ICD-10-WHO,A51.0,SAME-AS
113676AAAAAAAAAAAAAAAAAAAAAAAAAAAAAA,,Malignant Neoplasm of Tongue,,Diagnosis,N/A,Malignant Neoplasm of Tongue,,,,,ICD-10-WHO,C02.9,SAME-AS
113689AAAAAAAAAAAAAAAAAAAAAAAAAAAAAA,,Malignant Neoplasm of Small Intestine,,Diagnosis,N/A,Malignant Neoplasm of Small Intestine,,,,,ICD-10-WHO,C17.9,SAME-AS
113732AAAAAAAAAAAAAAAAAAAAAAAAAAAAAA,,Malignant Neoplasm of Kidney,,Diagnosis,N/A,Malignant Neoplasm of Kidney,,,,,ICD-10-WHO,C64,SAME-AS
113763AAAAAAAAAAAAAAAAAAAAAAAAAAAAAA,,Malignant Neoplasm of Colon,,Diagnosis,N/A,Malignant Neoplasm of Colon,,,,,ICD-10-WHO,C18.9,SAME-AS
113778AAAAAAAAAAAAAAAAAAAAAAAAAAAAAA,,Malignant Neoplasm of Biliary Tract,,Diagnosis,N/A,Malignant Neoplasm of Biliary Tract,,,,,ICD-10-WHO,C24.9,SAME-AS
113841AAAAAAAAAAAAAAAAAAAAAAAAAAAAAA,,Premature Birth,,Diagnosis,N/A,Premature Birth,,,,,ICD-10-WHO,P07.3,SAME-AS
113859AAAAAAAAAAAAAAAAAAAAAAAAAAAAAA,,Pregnancy-induced hypertension,,Diagnosis,N/A,Pregnancy-induced hypertension,,,,,ICD-10-WHO,O13,SAME-AS
113888AAAAAAAAAAAAAAAAAAAAAAAAAAAAAA,,"Post-term infant, not heavy-for-dates",,Diagnosis,N/A,"Post-term infant, not heavy-for-dates",,,,,ICD-10-WHO,P08.2,SAME-AS
113926AAAAAAAAAAAAAAAAAAAAAAAAAAAAAA,,Postnatal Infection,,Diagnosis,N/A,Postnatal Infection,,,,,ICD-10-WHO,O86.8,SAME-AS
114127AAAAAAAAAAAAAAAAAAAAAAAAAAAAAA,,Placenta Praevia,,Diagnosis,N/A,Placenta Praevia,,,,,ICD-10-WHO,O44.1,SAME-AS
114187AAAAAAAAAAAAAAAAAAAAAAAAAAAAAA,,Pervasive Developmental Disorder,,Diagnosis,N/A,Pervasive Developmental Disorder,,,,,ICD-10-WHO,F84.9,SAME-AS
114193AAAAAAAAAAAAAAAAAAAAAAAAAAAAAA,,Personality Disorder,,Diagnosis,N/A,Personality Disorder,,,,,ICD-10-WHO,F60.9,SAME-AS
114199AAAAAAAAAAAAAAAAAAAAAAAAAAAAAA,,Peritonitis,,Diagnosis,N/A,Peritonitis,,,,,ICD-10-WHO,K65.9,SAME-AS
114212AAAAAAAAAAAAAAAAAAAAAAAAAAAAAA,,Peripheral vascular disease,,Diagnosis,N/A,Peripheral vascular disease,,,,,ICD-10-WHO,I73.9,SAME-AS
114382AAAAAAAAAAAAAAAAAAAAAAAAAAAAAA,,Pancreatitis,,Diagnosis,N/A,Pancreatitis,,,,,ICD-10-WHO,K85.9,SAME-AS
114675AAAAAAAAAAAAAAAAAAAAAAAAAAAAAA,,Osteomyelitis,,Diagnosis,N/A,Osteomyelitis,,,,,ICD-10-WHO,M86.9,SAME-AS
114730AAAAAAAAAAAAAAAAAAAAAAAAAAAAAA,,Orchitis and Epididymitis,,Diagnosis,N/A,Orchitis and Epididymitis,,,,,ICD-10-WHO,N45.9,SAME-AS
114764AAAAAAAAAAAAAAAAAAAAAAAAAAAAAA,,Open Wound of Nose,,Diagnosis,N/A,Open Wound of Nose,,,,,ICD-10-WHO,S01.2,SAME-AS
114786AAAAAAAAAAAAAAAAAAAAAAAAAAAAAA,,Open Wound of Ear,,Diagnosis,N/A,Open Wound of Ear,,,,,ICD-10-WHO,S01.3,SAME-AS
115115AAAAAAAAAAAAAAAAAAAAAAAAAAAAAA,,Obesity,,Diagnosis,N/A,Obesity,,,,,ICD-10-WHO,E66.9,SAME-AS
115303AAAAAAAAAAAAAAAAAAAAAAAAAAAAAA,,Nephrotic syndrome,,Diagnosis,N/A,Nephrotic syndrome,,,,,ICD-10-WHO,N04.9,SAME-AS
115368AAAAAAAAAAAAAAAAAAAAAAAAAAAAAA,,Neonatal jaundice,,Diagnosis,N/A,Neonatal jaundice,,,,,ICD-10-WHO,P59.9,SAME-AS
115476AAAAAAAAAAAAAAAAAAAAAAAAAAAAAA,,Muscle Weakness,,Diagnosis,N/A,Muscle Weakness,,,,,ICD-10-WHO,M62.8,SAME-AS
115491AAAAAAAAAAAAAAAAAAAAAAAAAAAAAA,,Multiple gestation,,Diagnosis,N/A,Multiple gestation,,,,,ICD-10-WHO,O30.9,SAME-AS
115753AAAAAAAAAAAAAAAAAAAAAAAAAAAAAA,,Miliary Tuberculosis,,Diagnosis,N/A,Miliary Tuberculosis,,,,,ICD-10-WHO,A19.9,SAME-AS
115866AAAAAAAAAAAAAAAAAAAAAAAAAAAAAA,,Meconium aspiration,,Diagnosis,N/A,Meconium aspiration,,,,,ICD-10-WHO,P24.0,SAME-AS
115961AAAAAAAAAAAAAAAAAAAAAAAAAAAAAA,,Malignant Neoplasm of Urinary Bladder,,Diagnosis,N/A,Malignant Neoplasm of Urinary Bladder,,,,,ICD-10-WHO,C67.9,SAME-AS
116004AAAAAAAAAAAAAAAAAAAAAAAAAAAAAA,,Malignant Neoplasm of Lip,,Diagnosis,N/A,Malignant Neoplasm of Lip,,,,,ICD-10-WHO,C00.9,SAME-AS
116023AAAAAAAAAAAAAAAAAAAAAAAAAAAAAA,,Cervical cancer,,Diagnosis,N/A,Cervical cancer,,,,,ICD-10-WHO,C53.9,SAME-AS
116026AAAAAAAAAAAAAAAAAAAAAAAAAAAAAA,,Malignant Neoplasm Of Breast,,Diagnosis,N/A,Malignant Neoplasm Of Breast,,,,,ICD-10-WHO,C50.9,SAME-AS
116031AAAAAAAAAAAAAAAAAAAAAAAAAAAAAA,,Malignant neoplasm,,Diagnosis,N/A,Malignant neoplasm,,,,,ICD-10-WHO,C80,SAME-AS
116036AAAAAAAAAAAAAAAAAAAAAAAAAAAAAA,,Malignant tumor of uterus,,Diagnosis,N/A,Malignant tumor of uterus,,,,,ICD-10-WHO,C54.9,SAME-AS
116041AAAAAAAAAAAAAAAAAAAAAAAAAAAAAA,,Malignant Neoplasm of Stomach,,Diagnosis,N/A,Malignant Neoplasm of Stomach,,,,,ICD-10-WHO,C16.9,SAME-AS
116049AAAAAAAAAAAAAAAAAAAAAAAAAAAAAA,,Malignant Neoplasm of Pancreas,,Diagnosis,N/A,Malignant Neoplasm of Pancreas,,,,,ICD-10-WHO,C25.9,SAME-AS
116080AAAAAAAAAAAAAAAAAAAAAAAAAAAAAA,,Melanoma of Skin,,Diagnosis,N/A,Melanoma of Skin,,,,,ICD-10-WHO,C43.9,SAME-AS
116104AAAAAAAAAAAAAAAAAAAAAAAAAAAAAA,,Lymphoma,,Diagnosis,N/A,Lymphoma,,,,,ICD-10-WHO,C85.9,SAME-AS
116230AAAAAAAAAAAAAAAAAAAAAAAAAAAAAA,,Lordosis,,Diagnosis,N/A,Lordosis,,,,,ICD-10-WHO,M40.5,SAME-AS
116341AAAAAAAAAAAAAAAAAAAAAAAAAAAAAA,,Leptospirosis,,Diagnosis,N/A,Leptospirosis,,,,,ICD-10-WHO,A27.9,SAME-AS
116472AAAAAAAAAAAAAAAAAAAAAAAAAAAAAA,,Kyphosis,,Diagnosis,N/A,Kyphosis,,,,,ICD-10-WHO,M40.2,SAME-AS
116500AAAAAAAAAAAAAAAAAAAAAAAAAAAAAA,,Calculus of kidney,,Diagnosis,N/A,Calculus of kidney,,,,,ICD-10-WHO,N20.0,SAME-AS
116608AAAAAAAAAAAAAAAAAAAAAAAAAAAAAA,,Ischemic Heart Disease,,Diagnosis,N/A,Ischemic Heart Disease,,,,,ICD-10-WHO,I25.9,SAME-AS
116616AAAAAAAAAAAAAAAAAAAAAAAAAAAAAA,,Irregular menstrual cycle,,Diagnosis,N/A,Irregular menstrual cycle,,,,,ICD-10-WHO,N92.6,SAME-AS
116642AAAAAAAAAAAAAAAAAAAAAAAAAAAAAA,,Intrauterine Fetal Death,,Diagnosis,N/A,Intrauterine Fetal Death,,,,,ICD-10-WHO,P96.9,SAME-AS
116688AAAAAAAAAAAAAAAAAAAAAAAAAAAAAA,,"Abdominal or Pelvic Swelling, Mass or Lump",,Diagnosis,N/A,"Abdominal or Pelvic Swelling, Mass or Lump",,,,,ICD-10-WHO,R19.0,SAME-AS
116689AAAAAAAAAAAAAAAAAAAAAAAAAAAAAA,,Intestinal Obstruction,,Diagnosis,N/A,Intestinal Obstruction,,,,,ICD-10-WHO,K56.6,SAME-AS
116695AAAAAAAAAAAAAAAAAAAAAAAAAAAAAA,,Intestinal Infection,,Diagnosis,N/A,Intestinal Infection,,,,,ICD-10-WHO,A08.5,SAME-AS
116954AAAAAAAAAAAAAAAAAAAAAAAAAAAAAA,,Inguinal hernia,,Diagnosis,N/A,Inguinal hernia,,,,,ICD-10-WHO,K40.9,SAME-AS
117441AAAAAAAAAAAAAAAAAAAAAAAAAAAAAA,,Hyperlipidemia,,Diagnosis,N/A,Hyperlipidemia,,,,,ICD-10-WHO,E78.5,SAME-AS
117470AAAAAAAAAAAAAAAAAAAAAAAAAAAAAA,,Hydrocephalus,,Diagnosis,N/A,Hydrocephalus,,,,,ICD-10-WHO,G91.9,SAME-AS
117474AAAAAAAAAAAAAAAAAAAAAAAAAAAAAA,,Hydrocele,,Diagnosis,N/A,Hydrocele,,,,,ICD-10-WHO,N43.3,SAME-AS
117501AAAAAAAAAAAAAAAAAAAAAAAAAAAAAA,,Hodgkin's lymphoma,,Diagnosis,N/A,Hodgkin's lymphoma,,,,,ICD-10-WHO,C81.9,SAME-AS
117529AAAAAAAAAAAAAAAAAAAAAAAAAAAAAA,,High-risk pregnancy,,Diagnosis,N/A,High-risk pregnancy,,,,,ICD-10-WHO,Z35.9,SAME-AS
117556AAAAAAAAAAAAAAAAAAAAAAAAAAAAAA,,Ventral Hernia,,Diagnosis,N/A,Ventral Hernia,,,,,ICD-10-WHO,K43.9,SAME-AS
117625AAAAAAAAAAAAAAAAAAAAAAAAAAAAAA,,Hemolytic disease of the fetus or newborn,,Diagnosis,N/A,Hemolytic disease of the fetus or newborn,,,,,ICD-10-WHO,P55.9,SAME-AS
117635AAAAAAAAAAAAAAAAAAAAAAAAAAAAAA,,Haemoglobinopathy,,Diagnosis,N/A,Haemoglobinopathy,,,,,ICD-10-WHO,D58.2,SAME-AS
117642AAAAAAAAAAAAAAAAAAAAAAAAAAAAAA,,Sickle-cell anemia with crisis,,Diagnosis,N/A,Sickle-cell anemia with crisis,,,,,ICD-10-WHO,D57.0,SAME-AS
117698AAAAAAAAAAAAAAAAAAAAAAAAAAAAAA,,Hearing loss,,Diagnosis,N/A,Hearing loss,,,,,ICD-10-WHO,H91.9,SAME-AS
117703AAAAAAAAAAAAAAAAAAAAAAAAAAAAAA,,Sickle-cell anemia,,Diagnosis,N/A,Sickle-cell anemia,,,,,ICD-10-WHO,D57.1,SAME-AS
117769AAAAAAAAAAAAAAAAAAAAAAAAAAAAAA,,Gonococcal arthritis,,Diagnosis,N/A,Gonococcal arthritis,,,,,ICD-10-WHO,A54.4,SAME-AS
117969AAAAAAAAAAAAAAAAAAAAAAAAAAAAAA,,Spine fracture,,Diagnosis,N/A,Spine fracture,,,,,ICD-10-WHO,T08,SAME-AS
118014AAAAAAAAAAAAAAAAAAAAAAAAAAAAAA,,Pelvic Fracture,,Diagnosis,N/A,Pelvic Fracture,,,,,ICD-10-WHO,S32.8,SAME-AS
118016AAAAAAAAAAAAAAAAAAAAAAAAAAAAAA,,Patella Fracture,,Diagnosis,N/A,Patella Fracture,,,,,ICD-10-WHO,S82.0,SAME-AS
118033AAAAAAAAAAAAAAAAAAAAAAAAAAAAAA,,Humerus fracture,,Diagnosis,N/A,Humerus fracture,,,,,ICD-10-WHO,S42.3,SAME-AS
118039AAAAAAAAAAAAAAAAAAAAAAAAAAAAAA,,Forearm Fracture,,Diagnosis,N/A,Forearm Fracture,,,,,ICD-10-WHO,S52.9,SAME-AS
118040AAAAAAAAAAAAAAAAAAAAAAAAAAAAAA,,Fracture of Foot,,Diagnosis,N/A,Fracture of Foot,,,,,ICD-10-WHO,S92.9,SAME-AS
118048AAAAAAAAAAAAAAAAAAAAAAAAAAAAAA,,Fracture of Clavicle,,Diagnosis,N/A,Fracture of Clavicle,,,,,ICD-10-WHO,S42.0,SAME-AS
118245AAAAAAAAAAAAAAAAAAAAAAAAAAAAAA,,Intrauterine growth retardation,,Diagnosis,N/A,Intrauterine growth retardation,,,,,ICD-10-WHO,P05.9,SAME-AS
118289AAAAAAAAAAAAAAAAAAAAAAAAAAAAAA,,Femoral Hernia,,Diagnosis,N/A,Femoral Hernia,,,,,ICD-10-WHO,K41.9,SAME-AS
118293AAAAAAAAAAAAAAAAAAAAAAAAAAAAAA,,Female infertility,,Diagnosis,N/A,Female infertility,,,,,ICD-10-WHO,N97.9,SAME-AS
118350AAAAAAAAAAAAAAAAAAAAAAAAAAAAAA,,Fall,,Diagnosis,N/A,Fall,,,,,ICD-10-WHO,W19,SAME-AS
118388AAAAAAAAAAAAAAAAAAAAAAAAAAAAAA,,Face or Brow Presentation of Foetus,,Diagnosis,N/A,Face or Brow Presentation of Foetus,,,,,ICD-10-WHO,O32.3,SAME-AS
118567AAAAAAAAAAAAAAAAAAAAAAAAAAAAAA,,Epiglottitis,,Diagnosis,N/A,Epiglottitis,,,,,ICD-10-WHO,J05.1,SAME-AS
118631AAAAAAAAAAAAAAAAAAAAAAAAAAAAAA,,Endometriosis,,Diagnosis,N/A,Endometriosis,,,,,ICD-10-WHO,N80.9,SAME-AS
118634AAAAAAAAAAAAAAAAAAAAAAAAAAAAAA,,Endometrial Hyperplasia,,Diagnosis,N/A,Endometrial Hyperplasia,,,,,ICD-10-WHO,N85.0,SAME-AS
118764AAAAAAAAAAAAAAAAAAAAAAAAAAAAAA,,Eating Disorder,,Diagnosis,N/A,Eating Disorder,,,,,ICD-10-WHO,F50.9,SAME-AS
118876AAAAAAAAAAAAAAAAAAAAAAAAAAAAAA,,Altered mental status,,Diagnosis,N/A,Altered mental status,,,,,ICD-10-WHO,R41.8,SAME-AS
118879AAAAAAAAAAAAAAAAAAAAAAAAAAAAAA,,Mood disorder,,Diagnosis,N/A,Mood disorder,,,,,ICD-10-WHO,F39,SAME-AS
118883AAAAAAAAAAAAAAAAAAAAAAAAAAAAAA,,Disassociation Disorder,,Diagnosis,N/A,Disassociation Disorder,,,,,ICD-10-WHO,F44.9,SAME-AS
119354AAAAAAAAAAAAAAAAAAAAAAAAAAAAAA,,Filariasis,,Diagnosis,N/A,Filariasis,,,,,ICD-10-WHO,B74.9,SAME-AS
119399AAAAAAAAAAAAAAAAAAAAAAAAAAAAAA,,Diphtheria,,Diagnosis,N/A,Diphtheria,,,,,ICD-10-WHO,A36.9,SAME-AS
119441AAAAAAAAAAAAAAAAAAAAAAAAAAAAAA,,Diabetes ketoacidosis,,Diagnosis,N/A,Diabetes ketoacidosis,,,,,ICD-10-WHO,E14.1,SAME-AS
119570AAAAAAAAAAAAAAAAAAAAAAAAAAAAAA,,Delusional Disorder,,Diagnosis,N/A,Delusional Disorder,,,,,ICD-10-WHO,F22.0,SAME-AS
119574AAAAAAAAAAAAAAAAAAAAAAAAAAAAAA,,Delirium,,Diagnosis,N/A,Delirium,,,,,ICD-10-WHO,F05.9,SAME-AS
119624AAAAAAAAAAAAAAAAAAAAAAAAAAAAAA,,Deep vein thrombosis,,Diagnosis,N/A,Deep vein thrombosis,,,,,ICD-10-WHO,I80.2,SAME-AS
119656AAAAAAAAAAAAAAAAAAAAAAAAAAAAAA,,Decubitus ulcer,,Diagnosis,N/A,Decubitus ulcer,,,,,ICD-10-WHO,L89.9,SAME-AS
119685AAAAAAAAAAAAAAAAAAAAAAAAAAAAAA,,Cystitis,,Diagnosis,N/A,Cystitis,,,,,ICD-10-WHO,N30.9,SAME-AS
119866AAAAAAAAAAAAAAAAAAAAAAAAAAAAAA,,Contusion,,Diagnosis,N/A,Contusion,,,,,ICD-10-WHO,T14.0,SAME-AS
119870AAAAAAAAAAAAAAAAAAAAAAAAAAAAAA,,Contracture of Joint,,Diagnosis,N/A,Contracture of Joint,,,,,ICD-10-WHO,M24.5,SAME-AS
119938AAAAAAAAAAAAAAAAAAAAAAAAAAAAAA,,Omphalocele,,Diagnosis,N/A,Omphalocele,,,,,ICD-10-WHO,Q79.2,SAME-AS
120073AAAAAAAAAAAAAAAAAAAAAAAAAAAAAA,,Congenital Anomaly of Musculoskeletal System,,Diagnosis,N/A,Congenital Anomaly of Musculoskeletal System,,,,,ICD-10-WHO,Q79.9,SAME-AS
120080AAAAAAAAAAAAAAAAAAAAAAAAAAAAAA,,Congenital limb malformation,,Diagnosis,N/A,Congenital limb malformation,,,,,ICD-10-WHO,Q74.9,SAME-AS
120146AAAAAAAAAAAAAAAAAAAAAAAAAAAAAA,,Condyloma Acuminatum,,Diagnosis,N/A,Condyloma Acuminatum,,,,,ICD-10-WHO,A63.0,SAME-AS
120295AAAAAAAAAAAAAAAAAAAAAAAAAAAAAA,,Complete abortion,,Diagnosis,N/A,Complete abortion,,,,,ICD-10-WHO,O03.9,SAME-AS
120581AAAAAAAAAAAAAAAAAAAAAAAAAAAAAA,,Chronic pyelonephritis,,Diagnosis,N/A,Chronic pyelonephritis,,,,,ICD-10-WHO,N11.9,SAME-AS
120669AAAAAAAAAAAAAAAAAAAAAAAAAAAAAA,,Chronic Bronchitis,,Diagnosis,N/A,Chronic Bronchitis,,,,,ICD-10-WHO,J42,SAME-AS
120742AAAAAAAAAAAAAAAAAAAAAAAAAAAAAA,,Chikungunya fever,,Diagnosis,N/A,Chikungunya fever,,,,,ICD-10-WHO,A92.0,SAME-AS
120773AAAAAAAAAAAAAAAAAAAAAAAAAAAAAA,,Cervical spinal cord injury,,Diagnosis,N/A,Cervical spinal cord injury,,,,,ICD-10-WHO,S14.1,SAME-AS
121009AAAAAAAAAAAAAAAAAAAAAAAAAAAAAA,,Bronchiolitis,,Diagnosis,N/A,Bronchiolitis,,,,,ICD-10-WHO,J21.9,SAME-AS
121131AAAAAAAAAAAAAAAAAAAAAAAAAAAAAA,,Bipolar Disorder,,Diagnosis,N/A,Bipolar Disorder,,,,,ICD-10-WHO,F31.9,SAME-AS
121255AAAAAAAAAAAAAAAAAAAAAAAAAAAAAA,,Bacterial meningitis,,Diagnosis,N/A,Bacterial meningitis,,,,,ICD-10-WHO,G00.9,SAME-AS
121348AAAAAAAAAAAAAAAAAAAAAAAAAAAAAA,,Atopic Dermatitis,,Diagnosis,N/A,Atopic Dermatitis,,,,,ICD-10-WHO,L20.9,SAME-AS
121372AAAAAAAAAAAAAAAAAAAAAAAAAAAAAA,,Status Asthmaticus,,Diagnosis,N/A,Status Asthmaticus,,,,,ICD-10-WHO,J46,SAME-AS
121555AAAAAAAAAAAAAAAAAAAAAAAAAAAAAA,,Cutaneous anthrax,,Diagnosis,N/A,Cutaneous anthrax,,,,,ICD-10-WHO,A22.0,SAME-AS
121716AAAAAAAAAAAAAAAAAAAAAAAAAAAAAA,,Alcohol-Induced mental and behavior disorder,,Diagnosis,N/A,Alcohol-Induced mental and behavior disorder,,,,,ICD-10-WHO,F10.9,SAME-AS
121764AAAAAAAAAAAAAAAAAAAAAAAAAAAAAA,,Adverse drug reaction,,Diagnosis,N/A,Adverse drug reaction,,,,,ICD-10-WHO,T88.7,SAME-AS
121832AAAAAAAAAAAAAAAAAAAAAAAAAAAAAA,,Acute Sinusitis,,Diagnosis,N/A,Acute Sinusitis,,,,,ICD-10-WHO,J01.9,SAME-AS
121875AAAAAAAAAAAAAAAAAAAAAAAAAAAAAA,,Acute Pericarditis,,Diagnosis,N/A,Acute Pericarditis,,,,,ICD-10-WHO,I30.9,SAME-AS
121999AAAAAAAAAAAAAAAAAAAAAAAAAAAAAA,,Acute Lymphadenitis,,Diagnosis,N/A,Acute Lymphadenitis,,,,,ICD-10-WHO,L04.9,SAME-AS
122041AAAAAAAAAAAAAAAAAAAAAAAAAAAAAA,,Acute Glomerulonephritis,,Diagnosis,N/A,Acute Glomerulonephritis,,,,,ICD-10-WHO,N00.9,SAME-AS
122043AAAAAAAAAAAAAAAAAAAAAAAAAAAAAA,,Acute gingivitis,,Diagnosis,N/A,Acute gingivitis,,,,,ICD-10-WHO,K05.0,SAME-AS
122746AAAAAAAAAAAAAAAAAAAAAAAAAAAAAA,,Zika virus,,Diagnosis,N/A,Zika virus,,,,,ICD-10-WHO,A92.8,SAME-AS
122793AAAAAAAAAAAAAAAAAAAAAAAAAAAAAA,,Xerophthalmia,,Diagnosis,N/A,Xerophthalmia,,,,,ICD-10-WHO,E50.7,SAME-AS
123067AAAAAAAAAAAAAAAAAAAAAAAAAAAAAA,,Vision loss,,Diagnosis,N/A,Vision loss,,,,,ICD-10-WHO,H54.9,SAME-AS
123112AAAAAAAAAAAAAAAAAAAAAAAAAAAAAA,,Viral Hemorrhagic fever,,Diagnosis,N/A,Viral Hemorrhagic fever,,,,,ICD-10-WHO,A99,SAME-AS
123174AAAAAAAAAAAAAAAAAAAAAAAAAAAAAA,,Child abuse,,Diagnosis,N/A,Child abuse,,,,,ICD-10-WHO,T74.9,SAME-AS
123354AAAAAAAAAAAAAAAAAAAAAAAAAAAAAA,,Varicocele,,Diagnosis,N/A,Varicocele,,,,,ICD-10-WHO,I86.1,SAME-AS
123441AAAAAAAAAAAAAAAAAAAAAAAAAAAAAA,,Uterovaginal Prolapse,,Diagnosis,N/A,Uterovaginal Prolapse,,,,,ICD-10-WHO,N81.4,SAME-AS
123450AAAAAAAAAAAAAAAAAAAAAAAAAAAAAA,,Uterine scar from previous surgery affecting pregnancy,,Diagnosis,N/A,Uterine scar from previous surgery affecting pregnancy,,,,,ICD-10-WHO,O34.2,SAME-AS
123455AAAAAAAAAAAAAAAAAAAAAAAAAAAAAA,,Uterine Leiomyoma,,Diagnosis,N/A,Uterine Leiomyoma,,,,,ICD-10-WHO,D25.9,SAME-AS
123455AAAAAAAAAAAAAAAAAAAAAAAAAAAAAA,,Uterine fibroid,,Diagnosis,N/A,Uterine fibroid,,,,,ICD-10-WHO,D25.9,SAME-AS
123502AAAAAAAAAAAAAAAAAAAAAAAAAAAAAA,,Calculus in bladder,,Diagnosis,N/A,Calculus in bladder,,,,,ICD-10-WHO,N21.0,SAME-AS
123620AAAAAAAAAAAAAAAAAAAAAAAAAAAAAA,,Perineal Laceration During Delivery,,Diagnosis,N/A,Perineal Laceration During Delivery,,,,,ICD-10-WHO,O70.9,SAME-AS
123790AAAAAAAAAAAAAAAAAAAAAAAAAAAAAA,,Unilateral congenital dislocation of hip,,Diagnosis,N/A,Unilateral congenital dislocation of hip,,,,,ICD-10-WHO,Q65.0,SAME-AS
123876AAAAAAAAAAAAAAAAAAAAAAAAAAAAAA,,Female genital ulcers,,Diagnosis,N/A,Female genital ulcers,,,,,ICD-10-WHO,N76.6,SAME-AS
124193AAAAAAAAAAAAAAAAAAAAAAAAAAAAAA,,Traumatic Injury,,Diagnosis,N/A,Traumatic Injury,,,,,ICD-10-WHO,T14.9,SAME-AS
124261AAAAAAAAAAAAAAAAAAAAAAAAAAAAAA,,Transverse Lie,,Diagnosis,N/A,Transverse Lie,,,,,ICD-10-WHO,O32.2,SAME-AS
124586AAAAAAAAAAAAAAAAAAAAAAAAAAAAAA,,Torsion of Testis,,Diagnosis,N/A,Torsion of Testis,,,,,ICD-10-WHO,N44,SAME-AS
124637AAAAAAAAAAAAAAAAAAAAAAAAAAAAAA,,Tinea pedis,,Diagnosis,N/A,Tinea pedis,,,,,ICD-10-WHO,B35.3,SAME-AS
124640AAAAAAAAAAAAAAAAAAAAAAAAAAAAAA,,Tinea manus,,Diagnosis,N/A,Tinea manus,,,,,ICD-10-WHO,B35.2,SAME-AS
124702AAAAAAAAAAAAAAAAAAAAAAAAAAAAAA,,Hyperthyroidism,,Diagnosis,N/A,Hyperthyroidism,,,,,ICD-10-WHO,E05.9,SAME-AS
124724AAAAAAAAAAAAAAAAAAAAAAAAAAAAAA,,Thyroglossal Duct Cyst,,Diagnosis,N/A,Thyroglossal Duct Cyst,,,,,ICD-10-WHO,Q89.2,SAME-AS
124846AAAAAAAAAAAAAAAAAAAAAAAAAAAAAA,,Thoracic Back Sprain,,Diagnosis,N/A,Thoracic Back Sprain,,,,,ICD-10-WHO,S23.3,SAME-AS
124954AAAAAAAAAAAAAAAAAAAAAAAAAAAAAA,,Neonatal Tetanus,,Diagnosis,N/A,Neonatal Tetanus,,,,,ICD-10-WHO,A33,SAME-AS
124957AAAAAAAAAAAAAAAAAAAAAAAAAAAAAA,,Tetanus,,Diagnosis,N/A,Tetanus,,,,,ICD-10-WHO,A35,SAME-AS
124992AAAAAAAAAAAAAAAAAAAAAAAAAAAAAA,,Tendonitis,,Diagnosis,N/A,Tendonitis,,,,,ICD-10-WHO,M77.9,SAME-AS
125844AAAAAAAAAAAAAAAAAAAAAAAAAAAAAA,,Strain of Rotator Cuff Capsule,,Diagnosis,N/A,Strain of Rotator Cuff Capsule,,,,,ICD-10-WHO,S43.4,SAME-AS
125886AAAAAAAAAAAAAAAAAAAAAAAAAAAAAA,,Stevens-Johnson syndrome,,Diagnosis,N/A,Stevens-Johnson syndrome,,,,,ICD-10-WHO,L51.1,SAME-AS
125943AAAAAAAAAAAAAAAAAAAAAAAAAAAAAA,,Status Epilepticus,,Diagnosis,N/A,Status Epilepticus,,,,,ICD-10-WHO,G41.9,SAME-AS
126004AAAAAAAAAAAAAAAAAAAAAAAAAAAAAA,,Sprain,,Diagnosis,N/A,Sprain,,,,,ICD-10-WHO,T14.3,SAME-AS
126020AAAAAAAAAAAAAAAAAAAAAAAAAAAAAA,,Sprain of Back,,Diagnosis,N/A,Sprain of Back,,,,,ICD-10-WHO,T03.1,SAME-AS
126127AAAAAAAAAAAAAAAAAAAAAAAAAAAAAA,,Spontaneous abortion,,Diagnosis,N/A,Spontaneous abortion,,,,,ICD-10-WHO,O03.9,SAME-AS
126205AAAAAAAAAAAAAAAAAAAAAAAAAAAAAA,,Spina Bifida of Cervical Region,,Diagnosis,N/A,Spina Bifida of Cervical Region,,,,,ICD-10-WHO,Q05.5,SAME-AS
126221AAAAAAAAAAAAAAAAAAAAAAAAAAAAAA,,Spermatocele,,Diagnosis,N/A,Spermatocele,,,,,ICD-10-WHO,N43.4,SAME-AS
126513AAAAAAAAAAAAAAAAAAAAAAAAAAAAAA,,Sickle-cell trait,,Diagnosis,N/A,Sickle-cell trait,,,,,ICD-10-WHO,D57.3,SAME-AS
126702AAAAAAAAAAAAAAAAAAAAAAAAAAAAAA,,Septicaemia,,Diagnosis,N/A,Septicaemia,,,,,ICD-10-WHO,A41.9,SAME-AS
126707AAAAAAAAAAAAAAAAAAAAAAAAAAAAAA,,Septic Shock,,Diagnosis,N/A,Septic Shock,,,,,ICD-10-WHO,A41.9,SAME-AS
127214AAAAAAAAAAAAAAAAAAAAAAAAAAAAAA,,Sacrum Sprain,,Diagnosis,N/A,Sacrum Sprain,,,,,ICD-10-WHO,S33.6,SAME-AS
127527AAAAAAAAAAAAAAAAAAAAAAAAAAAAAA,,Retinoblastoma,,Diagnosis,N/A,Retinoblastoma,,,,,ICD-10-WHO,C69.2,SAME-AS
127655AAAAAAAAAAAAAAAAAAAAAAAAAAAAAA,,Residual Foreign Body in Soft Tissue,,Diagnosis,N/A,Residual Foreign Body in Soft Tissue,,,,,ICD-10-WHO,M79.5,SAME-AS
127707AAAAAAAAAAAAAAAAAAAAAAAAAAAAAA,,Renal colic,,Diagnosis,N/A,Renal colic,,,,,ICD-10-WHO,N23,SAME-AS
127850AAAAAAAAAAAAAAAAAAAAAAAAAAAAAA,,Rectal Prolapse,,Diagnosis,N/A,Rectal Prolapse,,,,,ICD-10-WHO,K62.3,SAME-AS
129211AAAAAAAAAAAAAAAAAAAAAAAAAAAAAA,,Premature rupture of membranes,,Diagnosis,N/A,Premature rupture of membranes,,,,,ICD-10-WHO,O42.9,SAME-AS
129240AAAAAAAAAAAAAAAAAAAAAAAAAAAAAA,,Pre-existing hypertension complicating pregnancy and childbirth,,Diagnosis,N/A,Pre-existing hypertension complicating pregnancy and childbirth,,,,,ICD-10-WHO,O10.9,SAME-AS
129264AAAAAAAAAAAAAAAAAAAAAAAAAAAAAA,,Precipitate labor,,Diagnosis,N/A,Precipitate labor,,,,,ICD-10-WHO,O62.3,SAME-AS
129317AAAAAAAAAAAAAAAAAAAAAAAAAAAAAA,,Routine postpartum followup,,Diagnosis,N/A,Routine postpartum followup,,,,,ICD-10-WHO,Z39.2,SAME-AS
129540AAAAAAAAAAAAAAAAAAAAAAAAAAAAAA,,Cervical polyp,,Diagnosis,N/A,Cervical polyp,,,,,ICD-10-WHO,N84.1,SAME-AS
129559AAAAAAAAAAAAAAAAAAAAAAAAAAAAAA,,Polyhydramnios,,Diagnosis,N/A,Polyhydramnios,,,,,ICD-10-WHO,O40,SAME-AS
12e2fc80-0beb-488e-8637-0ef0f6b066a5,,Bitten by suspected rabid animal,,Diagnosis,N/A,Bitten by suspected rabid animal,,,,,ICD-10-WHO,Z20.3,SAME-AS
130108AAAAAAAAAAAAAAAAAAAAAAAAAAAAAA,,Abruptio placentae,,Diagnosis,N/A,Abruptio placentae,,,,,ICD-10-WHO,O45.9,SAME-AS
130149AAAAAAAAAAAAAAAAAAAAAAAAAAAAAA,,Pityriasis versicolor,,Diagnosis,N/A,Pityriasis versicolor,,,,,ICD-10-WHO,B36.0,SAME-AS
130392AAAAAAAAAAAAAAAAAAAAAAAAAAAAAA,,Peritoneal Adhesion,,Diagnosis,N/A,Peritoneal Adhesion,,,,,ICD-10-WHO,K66.0,SAME-AS
130517AAAAAAAAAAAAAAAAAAAAAAAAAAAAAA,,Neonatal gastrointestinal hemorrhage,,Diagnosis,N/A,Neonatal gastrointestinal hemorrhage,,,,,ICD-10-WHO,P54.3,SAME-AS
130520AAAAAAAAAAAAAAAAAAAAAAAAAAAAAA,,Neonatal cutaneous hemorrhage,,Diagnosis,N/A,Neonatal cutaneous hemorrhage,,,,,ICD-10-WHO,P54.5,SAME-AS
130578AAAAAAAAAAAAAAAAAAAAAAAAAAAAAA,,Perforation Of Tympanic Membrane,,Diagnosis,N/A,Perforation Of Tympanic Membrane,,,,,ICD-10-WHO,H72.9,SAME-AS
130580AAAAAAAAAAAAAAAAAAAAAAAAAAAAAA,,Perforation of Intestine,,Diagnosis,N/A,Perforation of Intestine,,,,,ICD-10-WHO,K63.1,SAME-AS
130651AAAAAAAAAAAAAAAAAAAAAAAAAAAAAA,,Pelvic Abscess,,Diagnosis,N/A,Pelvic Abscess,,,,,ICD-10-WHO,K65.8,SAME-AS
130967AAAAAAAAAAAAAAAAAAAAAAAAAAAAAA,,Panic attack,,Diagnosis,N/A,Panic attack,,,,,ICD-10-WHO,F41.0,SAME-AS
131036AAAAAAAAAAAAAAAAAAAAAAAAAAAAAA,,Pain in Limb,,Diagnosis,N/A,Pain in Limb,,,,,ICD-10-WHO,M79.6,SAME-AS
131602AAAAAAAAAAAAAAAAAAAAAAAAAAAAAA,,Otalgia,,Diagnosis,N/A,Otalgia,,,,,ICD-10-WHO,H92.0,SAME-AS
131818AAAAAAAAAAAAAAAAAAAAAAAAAAAAAA,,Open Wound of Upper Arm,,Diagnosis,N/A,Open Wound of Upper Arm,,,,,ICD-10-WHO,S41.1,SAME-AS
131868AAAAAAAAAAAAAAAAAAAAAAAAAAAAAA,,Open Wound of Scalp,,Diagnosis,N/A,Open Wound of Scalp,,,,,ICD-10-WHO,S01.0,SAME-AS
131925AAAAAAAAAAAAAAAAAAAAAAAAAAAAAA,,Open Wound of Lower Leg,,Diagnosis,N/A,Open Wound of Lower Leg,,,,,ICD-10-WHO,S81.9,SAME-AS
131958AAAAAAAAAAAAAAAAAAAAAAAAAAAAAA,,Open Wound of Head,,Diagnosis,N/A,Open Wound of Head,,,,,ICD-10-WHO,S01.9,SAME-AS
132338AAAAAAAAAAAAAAAAAAAAAAAAAAAAAA,,Open fracture,,Diagnosis,N/A,Open fracture,,,,,ICD-10-WHO,T14.2,SAME-AS
132387AAAAAAAAAAAAAAAAAAAAAAAAAAAAAA,,Onychomycosis,,Diagnosis,N/A,Onychomycosis,,,,,ICD-10-WHO,B35.1,SAME-AS
132425AAAAAAAAAAAAAAAAAAAAAAAAAAAAAA,,Oligohydramnios,,Diagnosis,N/A,Oligohydramnios,,,,,ICD-10-WHO,O41.0,SAME-AS
133126AAAAAAAAAAAAAAAAAAAAAAAAAAAAAA,,Neuralgia,,Diagnosis,N/A,Neuralgia,,,,,ICD-10-WHO,M79.2,SAME-AS
133418AAAAAAAAAAAAAAAAAAAAAAAAAAAAAA,,Neonatal candidiasis,,Diagnosis,N/A,Neonatal candidiasis,,,,,ICD-10-WHO,P37.5,SAME-AS
133443AAAAAAAAAAAAAAAAAAAAAAAAAAAAAA,,Necrotizing Fasciitis,,Diagnosis,N/A,Necrotizing Fasciitis,,,,,ICD-10-WHO,M72.6,SAME-AS
133468AAAAAAAAAAAAAAAAAAAAAAAAAAAAAA,,Neck Sprain,,Diagnosis,N/A,Neck Sprain,,,,,ICD-10-WHO,S13.6,SAME-AS
133469AAAAAAAAAAAAAAAAAAAAAAAAAAAAAA,,Neck pain,,Diagnosis,N/A,Neck pain,,,,,ICD-10-WHO,M54.2,SAME-AS
133709AAAAAAAAAAAAAAAAAAAAAAAAAAAAAA,,Multiple Myeloma,,Diagnosis,N/A,Multiple Myeloma,,,,,ICD-10-WHO,C90.0,SAME-AS
134026AAAAAAAAAAAAAAAAAAAAAAAAAAAAAA,,Moderate persistent asthma,,Diagnosis,N/A,Moderate persistent asthma,,,,,ICD-10-WHO,J45.9,SAME-AS
134161AAAAAAAAAAAAAAAAAAAAAAAAAAAAAA,,Mild intermittent asthma,,Diagnosis,N/A,Mild intermittent asthma,,,,,ICD-10-WHO,J45.9,SAME-AS
134394AAAAAAAAAAAAAAAAAAAAAAAAAAAAAA,,Melaena,,Diagnosis,N/A,Melaena,,,,,ICD-10-WHO,K92.1,SAME-AS
134696AAAAAAAAAAAAAAAAAAAAAAAAAAAAAA,,Manic episode,,Diagnosis,N/A,Manic episode,,,,,ICD-10-WHO,F30.9,SAME-AS
134756AAAAAAAAAAAAAAAAAAAAAAAAAAAAAA,,Malignant Neoplasm of Thyroid Gland,,Diagnosis,N/A,Malignant Neoplasm of Thyroid Gland,,,,,ICD-10-WHO,C73,SAME-AS
134759AAAAAAAAAAAAAAAAAAAAAAAAAAAAAA,,Malignant neoplasm of testis,,Diagnosis,N/A,Malignant neoplasm of testis,,,,,ICD-10-WHO,C63.2,SAME-AS
134785AAAAAAAAAAAAAAAAAAAAAAAAAAAAAA,,Malignant Tumor of Rectum,,Diagnosis,N/A,Malignant Tumor of Rectum,,,,,ICD-10-WHO,C20,SAME-AS
134800AAAAAAAAAAAAAAAAAAAAAAAAAAAAAA,,Malignant Tumor of Penis,,Diagnosis,N/A,Malignant Tumor of Penis,,,,,ICD-10-WHO,C60.9,SAME-AS
134807AAAAAAAAAAAAAAAAAAAAAAAAAAAAAA,,Malignant Tumor of Ovary,,Diagnosis,N/A,Malignant Tumor of Ovary,,,,,ICD-10-WHO,C56,SAME-AS
134848AAAAAAAAAAAAAAAAAAAAAAAAAAAAAA,,Malignant Tumor of Gallbladder,,Diagnosis,N/A,Malignant Tumor of Gallbladder,,,,,ICD-10-WHO,C23,SAME-AS
135092AAAAAAAAAAAAAAAAAAAAAAAAAAAAAA,,Malignant Neoplasm of Nervous System,,Diagnosis,N/A,Malignant Neoplasm of Nervous System,,,,,ICD-10-WHO,C72.9,SAME-AS
135480AAAAAAAAAAAAAAAAAAAAAAAAAAAAAA,,Lymphedema,,Diagnosis,N/A,Lymphedema,,,,,ICD-10-WHO,I89.0,SAME-AS
135532AAAAAAAAAAAAAAAAAAAAAAAAAAAAAA,,Lumbar Sprain,,Diagnosis,N/A,Lumbar Sprain,,,,,ICD-10-WHO,S33.5,SAME-AS
135898AAAAAAAAAAAAAAAAAAAAAAAAAAAAAA,,Lepromatous Leprosy,,Diagnosis,N/A,Lepromatous Leprosy,,,,,ICD-10-WHO,A30.5,SAME-AS
136308AAAAAAAAAAAAAAAAAAAAAAAAAAAAAA,,Keloid scar,,Diagnosis,N/A,Keloid scar,,,,,ICD-10-WHO,L91.0,SAME-AS
136643AAAAAAAAAAAAAAAAAAAAAAAAAAAAAA,,Intracranial injury,,Diagnosis,N/A,Intracranial injury,,,,,ICD-10-WHO,S06.9,SAME-AS
136951AAAAAAAAAAAAAAAAAAAAAAAAAAAAAA,,"Spinal cord injury, thoracic region",,Diagnosis,N/A,"Spinal cord injury, thoracic region",,,,,ICD-10-WHO,S24.1,SAME-AS
136979AAAAAAAAAAAAAAAAAAAAAAAAAAAAAA,,Injury of lumbar nerve roots,,Diagnosis,N/A,Injury of lumbar nerve roots,,,,,ICD-10-WHO,S34.2,SAME-AS
136f3581-2d4e-42a2-ad86-6b48a334d881,,Migraine,,Diagnosis,N/A,Migraine,,,,,ICD-10-WHO,G43.9,SAME-AS
137159AAAAAAAAAAAAAAAAAAAAAAAAAAAAAA,,Ingrowing Nail,,Diagnosis,N/A,Ingrowing Nail,,,,,ICD-10-WHO,L60.0,SAME-AS
137298AAAAAAAAAAAAAAAAAAAAAAAAAAAAAA,,Chorioamnionitis,,Diagnosis,N/A,Chorioamnionitis,,,,,ICD-10-WHO,O41.1,SAME-AS
137577AAAAAAAAAAAAAAAAAAAAAAAAAAAAAA,,Indeterminate Leprosy,,Diagnosis,N/A,Indeterminate Leprosy,,,,,ICD-10-WHO,A30.0,SAME-AS
137699AAAAAAAAAAAAAAAAAAAAAAAAAAAAAA,,Imperforate hymen,,Diagnosis,N/A,Imperforate hymen,,,,,ICD-10-WHO,Q52.3,SAME-AS
137998AAAAAAAAAAAAAAAAAAAAAAAAAAAAAA,,Hypothermia of newborn,,Diagnosis,N/A,Hypothermia of newborn,,,,,ICD-10-WHO,P80.9,SAME-AS
138010AAAAAAAAAAAAAAAAAAAAAAAAAAAAAA,,Hypospadias,,Diagnosis,N/A,Hypospadias,,,,,ICD-10-WHO,Q54.9,SAME-AS
138434AAAAAAAAAAAAAAAAAAAAAAAAAAAAAA,,Hordeolum,,Diagnosis,N/A,Hordeolum,,,,,ICD-10-WHO,H00.0,SAME-AS
138660AAAAAAAAAAAAAAAAAAAAAAAAAAAAAA,,Hidradenitis suppurativa,,Diagnosis,N/A,Hidradenitis suppurativa,,,,,ICD-10-WHO,L73.2,SAME-AS
138961AAAAAAAAAAAAAAAAAAAAAAAAAAAAAA,,Hemiparesis,,Diagnosis,N/A,Hemiparesis,,,,,ICD-10-WHO,G81.9,SAME-AS
139006AAAAAAAAAAAAAAAAAAAAAAAAAAAAAA,,Haematemesis,,Diagnosis,N/A,Haematemesis,,,,,ICD-10-WHO,K92.0,SAME-AS
139059AAAAAAAAAAAAAAAAAAAAAAAAAAAAAA,,Heartburn,,Diagnosis,N/A,Heartburn,,,,,ICD-10-WHO,R12,SAME-AS
139251AAAAAAAAAAAAAAAAAAAAAAAAAAAAAA,,Adjustment disorders,,Diagnosis,N/A,Adjustment disorders,,,,,ICD-10-WHO,F43.2,SAME-AS
139277AAAAAAAAAAAAAAAAAAAAAAAAAAAAAA,,Granuloma inguinale,,Diagnosis,N/A,Granuloma inguinale,,,,,ICD-10-WHO,A58,SAME-AS
139479AAAAAAAAAAAAAAAAAAAAAAAAAAAAAA,,Gestational rubella syndrome,,Diagnosis,N/A,Gestational rubella syndrome,,,,,ICD-10-WHO,P35.0,SAME-AS
139502AAAAAAAAAAAAAAAAAAAAAAAAAAAAAA,,Genitourinary Tract Infection in Pregnancy,,Diagnosis,N/A,Genitourinary Tract Infection in Pregnancy,,,,,ICD-10-WHO,O23.9,SAME-AS
139529AAAAAAAAAAAAAAAAAAAAAAAAAAAAAA,,Ischemic cardiomyopathy,,Diagnosis,N/A,Ischemic cardiomyopathy,,,,,ICD-10-WHO,I25.5,SAME-AS
139545AAAAAAAAAAAAAAAAAAAAAAAAAAAAAA,,Generalized anxiety disorder,,Diagnosis,N/A,Generalized anxiety disorder,,,,,ICD-10-WHO,F41.1,SAME-AS
139569AAAAAAAAAAAAAAAAAAAAAAAAAAAAAA,,Gastroschisis,,Diagnosis,N/A,Gastroschisis,,,,,ICD-10-WHO,Q79.3,SAME-AS
139582AAAAAAAAAAAAAAAAAAAAAAAAAAAAAA,,Gastrointestinal hemorrhage,,Diagnosis,N/A,Gastrointestinal hemorrhage,,,,,ICD-10-WHO,K92.2,SAME-AS
139871AAAAAAAAAAAAAAAAAAAAAAAAAAAAAA,,Fracture of Lower Leg,,Diagnosis,N/A,Fracture of Lower Leg,,,,,ICD-10-WHO,S82.9,SAME-AS
139884AAAAAAAAAAAAAAAAAAAAAAAAAAAAAA,,Facial fractures,,Diagnosis,N/A,Facial fractures,,,,,ICD-10-WHO,S02.8,SAME-AS
139899AAAAAAAAAAAAAAAAAAAAAAAAAAAAAA,,Closed fracture,,Diagnosis,N/A,Closed fracture,,,,,ICD-10-WHO,T14.2,SAME-AS
139960AAAAAAAAAAAAAAAAAAAAAAAAAAAAAA,,Foreign Body in Genitourinary Tract,,Diagnosis,N/A,Foreign Body in Genitourinary Tract,,,,,ICD-10-WHO,T19.9,SAME-AS
139962AAAAAAAAAAAAAAAAAAAAAAAAAAAAAA,,Foreign body in ear,,Diagnosis,N/A,Foreign body in ear,,,,,ICD-10-WHO,T16,SAME-AS
139963AAAAAAAAAAAAAAAAAAAAAAAAAAAAAA,,Foreign Body in Digestive Tract,,Diagnosis,N/A,Foreign Body in Digestive Tract,,,,,ICD-10-WHO,T18.9,SAME-AS
13ff96a3-7a34-409d-a96b-6fdc383c1443,,Influenza,,Diagnosis,N/A,Influenza,,,,,ICD-10-WHO,J11.1,SAME-AS
140147AAAAAAAAAAAAAAAAAAAAAAAAAAAAAA,,Elevated blood pressure,,Diagnosis,N/A,Elevated blood pressure,,,,,ICD-10-WHO,R03.0,SAME-AS
140399AAAAAAAAAAAAAAAAAAAAAAAAAAAAAA,,Fetal death,,Diagnosis,N/A,Fetal death,,,,,ICD-10-WHO,P96.9,SAME-AS
140402AAAAAAAAAAAAAAAAAAAAAAAAAAAAAA,,Fetal cephalohematoma,,Diagnosis,N/A,Fetal cephalohematoma,,,,,ICD-10-WHO,P12.0,SAME-AS
140429AAAAAAAAAAAAAAAAAAAAAAAAAAAAAA,,Female Urethrocele without Uterine Prolapse,,Diagnosis,N/A,Female Urethrocele without Uterine Prolapse,,,,,ICD-10-WHO,N81.0,SAME-AS
141064AAAAAAAAAAAAAAAAAAAAAAAAAAAAAA,,Erysipelas,,Diagnosis,N/A,Erysipelas,,,,,ICD-10-WHO,A46,SAME-AS
141128AAAAAAAAAAAAAAAAAAAAAAAAAAAAAA,,Epigastric Pain,,Diagnosis,N/A,Epigastric Pain,,,,,ICD-10-WHO,R10.1,SAME-AS
141488AAAAAAAAAAAAAAAAAAAAAAAAAAAAAA,,Eczema herpeticum,,Diagnosis,N/A,Eczema herpeticum,,,,,ICD-10-WHO,B00.0,SAME-AS
141645AAAAAAAAAAAAAAAAAAAAAAAAAAAAAA,,Dysarthria,,Diagnosis,N/A,Dysarthria,,,,,ICD-10-WHO,R47.1,SAME-AS
142420AAAAAAAAAAAAAAAAAAAAAAAAAAAAAA,,Diaphragmatic Hernia,,Diagnosis,N/A,Diaphragmatic Hernia,,,,,ICD-10-WHO,K44.9,SAME-AS
142591AAAAAAAAAAAAAAAAAAAAAAAAAAAAAA,,Dengue Hemorrhagic Fever,,Diagnosis,N/A,Dengue Hemorrhagic Fever,,,,,ICD-10-WHO,A91,SAME-AS
142592AAAAAAAAAAAAAAAAAAAAAAAAAAAAAA,,Dengue,,Diagnosis,N/A,Dengue,,,,,ICD-10-WHO,A90,SAME-AS
142630AAAAAAAAAAAAAAAAAAAAAAAAAAAAAA,,Dehydration,,Diagnosis,N/A,Dehydration,,,,,ICD-10-WHO,E86,SAME-AS
142974AAAAAAAAAAAAAAAAAAAAAAAAAAAAAA,,Cystocele,,Diagnosis,N/A,Cystocele,,,,,ICD-10-WHO,N81.1,SAME-AS
143029AAAAAAAAAAAAAAAAAAAAAAAAAAAAAA,,Bartholin's cyst,,Diagnosis,N/A,Bartholin's cyst,,,,,ICD-10-WHO,N75.0,SAME-AS
143033AAAAAAAAAAAAAAAAAAAAAAAAAAAAAA,,Pilonidal Cyst,,Diagnosis,N/A,Pilonidal Cyst,,,,,ICD-10-WHO,L05.9,SAME-AS
143367AAAAAAAAAAAAAAAAAAAAAAAAAAAAAA,,Corneal Abrasion,,Diagnosis,N/A,Corneal Abrasion,,,,,ICD-10-WHO,S05.0,SAME-AS
143388AAAAAAAAAAAAAAAAAAAAAAAAAAAAAA,,Convulsions of newborn,,Diagnosis,N/A,Convulsions of newborn,,,,,ICD-10-WHO,P90,SAME-AS
143672AAAAAAAAAAAAAAAAAAAAAAAAAAAAAA,,Congenital Syphilis (infant under 1 year old),,Diagnosis,N/A,Congenital Syphilis (infant under 1 year old),,,,,ICD-10-WHO,A50.9,SAME-AS
143749AAAAAAAAAAAAAAAAAAAAAAAAAAAAAA,,Congenital Pyloric Stenosis,,Diagnosis,N/A,Congenital Pyloric Stenosis,,,,,ICD-10-WHO,Q40.0,SAME-AS
143772AAAAAAAAAAAAAAAAAAAAAAAAAAAAAA,,Congenital pneumonia,,Diagnosis,N/A,Congenital pneumonia,,,,,ICD-10-WHO,P23.9,SAME-AS
143849AAAAAAAAAAAAAAAAAAAAAAAAAAAAAA,,Congenital malformation,,Diagnosis,N/A,Congenital malformation,,,,,ICD-10-WHO,Q89.9,SAME-AS
144394AAAAAAAAAAAAAAAAAAAAAAAAAAAAAA,,Condyloma latum,,Diagnosis,N/A,Condyloma latum,,,,,ICD-10-WHO,A51.3,SAME-AS
144409AAAAAAAAAAAAAAAAAAAAAAAAAAAAAA,,Concussion,,Diagnosis,N/A,Concussion,,,,,ICD-10-WHO,S06.0,SAME-AS
144481AAAAAAAAAAAAAAAAAAAAAAAAAAAAAA,,Trisomy 21,,Diagnosis,N/A,Trisomy 21,,,,,ICD-10-WHO,Q90.9,SAME-AS
144651AAAAAAAAAAAAAAAAAAAAAAAAAAAAAA,,Cocaine-Induced mental and behavior disorder,,Diagnosis,N/A,Cocaine-Induced mental and behavior disorder,,,,,ICD-10-WHO,F14.9,SAME-AS
145063AAAAAAAAAAAAAAAAAAAAAAAAAAAAAA,,Cleft Palate,,Diagnosis,N/A,Cleft Palate,,,,,ICD-10-WHO,Q35.9,SAME-AS
145066AAAAAAAAAAAAAAAAAAAAAAAAAAAAAA,,Cleft Lip,,Diagnosis,N/A,Cleft Lip,,,,,ICD-10-WHO,Q36.9,SAME-AS
145625AAAAAAAAAAAAAAAAAAAAAAAAAAAAAA,,Cholelithiasis,,Diagnosis,N/A,Cholelithiasis,,,,,ICD-10-WHO,K80.8,SAME-AS
145804AAAAAAAAAAAAAAAAAAAAAAAAAAAAAA,,Cervical laceration,,Diagnosis,N/A,Cervical laceration,,,,,ICD-10-WHO,S37.6,SAME-AS
145935AAAAAAAAAAAAAAAAAAAAAAAAAAAAAA,,Cephalopelvic disproportion,,Diagnosis,N/A,Cephalopelvic disproportion,,,,,ICD-10-WHO,O33.9,SAME-AS
146166AAAAAAAAAAAAAAAAAAAAAAAAAAAAAA,,Cardiogenic shock,,Diagnosis,N/A,Cardiogenic shock,,,,,ICD-10-WHO,R57.0,SAME-AS
146492AAAAAAAAAAAAAAAAAAAAAAAAAAAAAA,,Cannabis-Induced mental and behavior disorder,,Diagnosis,N/A,Cannabis-Induced mental and behavior disorder,,,,,ICD-10-WHO,F12.9,SAME-AS
146515AAAAAAAAAAAAAAAAAAAAAAAAAAAAAA,,Candidiasis of Skin,,Diagnosis,N/A,Candidiasis of Skin,,,,,ICD-10-WHO,B37.2,SAME-AS
146825AAAAAAAAAAAAAAAAAAAAAAAAAAAAAA,,Burkitt's Lymphoma (Clinical),,Diagnosis,N/A,Burkitt's Lymphoma (Clinical),,,,,ICD-10-WHO,C83.7,SAME-AS
146873AAAAAAAAAAAAAAAAAAAAAAAAAAAAAA,,Bronchopulmonary dysplasia of newborn,,Diagnosis,N/A,Bronchopulmonary dysplasia of newborn,,,,,ICD-10-WHO,P27.1,SAME-AS
146922AAAAAAAAAAAAAAAAAAAAAAAAAAAAAA,,Breech presentation,,Diagnosis,N/A,Breech presentation,,,,,ICD-10-WHO,O32.1,SAME-AS
146931AAAAAAAAAAAAAAAAAAAAAAAAAAAAAA,,Breast lump,,Diagnosis,N/A,Breast lump,,,,,ICD-10-WHO,N63,SAME-AS
147056AAAAAAAAAAAAAAAAAAAAAAAAAAAAAA,,Borderline leprosy,,Diagnosis,N/A,Borderline leprosy,,,,,ICD-10-WHO,A30.3,SAME-AS
147375AAAAAAAAAAAAAAAAAAAAAAAAAAAAAA,,Bilateral congenital dislocation of hip,,Diagnosis,N/A,Bilateral congenital dislocation of hip,,,,,ICD-10-WHO,Q65.1,SAME-AS
148143AAAAAAAAAAAAAAAAAAAAAAAAAAAAAA,,Attempted Suicide,,Diagnosis,N/A,Attempted Suicide,,,,,ICD-10-WHO,X84,SAME-AS
148654AAAAAAAAAAAAAAAAAAAAAAAAAAAAAA,,Anorectal Abscess,,Diagnosis,N/A,Anorectal Abscess,,,,,ICD-10-WHO,K61.2,SAME-AS
148904AAAAAAAAAAAAAAAAAAAAAAAAAAAAAA,,Anal Fissure,,Diagnosis,N/A,Anal Fissure,,,,,ICD-10-WHO,K60.2,SAME-AS
148989AAAAAAAAAAAAAAAAAAAAAAAAAAAAAA,,Amenorrhea,,Diagnosis,N/A,Amenorrhea,,,,,ICD-10-WHO,N91.2,SAME-AS
149496AAAAAAAAAAAAAAAAAAAAAAAAAAAAAA,,Acute Tonsillitis,,Diagnosis,N/A,Acute Tonsillitis,,,,,ICD-10-WHO,J03.9,SAME-AS
149514AAAAAAAAAAAAAAAAAAAAAAAAAAAAAA,,Acute Stress Reaction,,Diagnosis,N/A,Acute Stress Reaction,,,,,ICD-10-WHO,F43.0,SAME-AS
149871AAAAAAAAAAAAAAAAAAAAAAAAAAAAAA,,Acute chest syndrome,,Diagnosis,N/A,Acute chest syndrome,,,,,ICD-10-WHO,D57.0,SAME-AS
149938AAAAAAAAAAAAAAAAAAAAAAAAAAAAAA,,Acute Abdomen,,Diagnosis,N/A,Acute Abdomen,,,,,ICD-10-WHO,R10.0,SAME-AS
150737AAAAAAAAAAAAAAAAAAAAAAAAAAAAAA,,Abrasion,,Diagnosis,N/A,Abrasion,,,,,ICD-10-WHO,T14.0,SAME-AS
150746AAAAAAAAAAAAAAAAAAAAAAAAAAAAAA,,Abortion with Sepsis,,Diagnosis,N/A,Abortion with Sepsis,,,,,ICD-10-WHO,O05.5,SAME-AS
150802AAAAAAAAAAAAAAAAAAAAAAAAAAAAAA,,Abnormal vaginal bleeding,,Diagnosis,N/A,Abnormal vaginal bleeding,,,,,ICD-10-WHO,N93.9,SAME-AS
151099AAAAAAAAAAAAAAAAAAAAAAAAAAAAAA,,Surveillance of IUD,,Diagnosis,N/A,Surveillance of IUD,,,,,ICD-10-WHO,Z30.5,SAME-AS
151575AAAAAAAAAAAAAAAAAAAAAAAAAAAAAA,,Contraceptive management,,Diagnosis,N/A,Contraceptive management,,,,,ICD-10-WHO,Z30.9,SAME-AS
151834AAAAAAAAAAAAAAAAAAAAAAAAAAAAAA,,"Malignant Lymphoma, Non-Hodgkin's",,Diagnosis,N/A,"Malignant Lymphoma, Non-Hodgkin's",,,,,ICD-10-WHO,C85.9,SAME-AS
152202AAAAAAAAAAAAAAAAAAAAAAAAAAAAAA,,Marasmic Kwashiorkor,,Diagnosis,N/A,Marasmic Kwashiorkor,,,,,ICD-10-WHO,E42,SAME-AS
152266AAAAAAAAAAAAAAAAAAAAAAAAAAAAAA,,Neonatal cardiac failure,,Diagnosis,N/A,Neonatal cardiac failure,,,,,ICD-10-WHO,P29.0,SAME-AS
152288AAAAAAAAAAAAAAAAAAAAAAAAAAAAAA,,Pelvic and Perineal Pain,,Diagnosis,N/A,Pelvic and Perineal Pain,,,,,ICD-10-WHO,R10.2,SAME-AS
152370AAAAAAAAAAAAAAAAAAAAAAAAAAAAAA,,Sexual abuse,,Diagnosis,N/A,Sexual abuse,,,,,ICD-10-WHO,T74.2,SAME-AS
152404AAAAAAAAAAAAAAAAAAAAAAAAAAAAAA,,Traumatic Rupture of Cervical Intervertebral Disc,,Diagnosis,N/A,Traumatic Rupture of Cervical Intervertebral Disc,,,,,ICD-10-WHO,S13.0,SAME-AS
153551AAAAAAAAAAAAAAAAAAAAAAAAAAAAAA,,Abdominal pain complicating pregnancy,,Diagnosis,N/A,Abdominal pain complicating pregnancy,,,,,ICD-10-WHO,O26.8,SAME-AS
154007AAAAAAAAAAAAAAAAAAAAAAAAAAAAAA,,Coronary artery disease,,Diagnosis,N/A,Coronary artery disease,,,,,ICD-10-WHO,I25.1,SAME-AS
154355AAAAAAAAAAAAAAAAAAAAAAAAAAAAAA,,HELLP (hemolytic anemia/elev liver enzymes/low platelets in pregnancy),,Diagnosis,N/A,HELLP (hemolytic anemia/elev liver enzymes/low platelets in pregnancy),,,,,ICD-10-WHO,O14.1,SAME-AS
154937AAAAAAAAAAAAAAAAAAAAAAAAAAAAAA,,Acute and transient psychotic disorder,,Diagnosis,N/A,Acute and transient psychotic disorder,,,,,ICD-10-WHO,F23.9,SAME-AS
155023AAAAAAAAAAAAAAAAAAAAAAAAAAAAAA,,Allergic contact dermatitis,,Diagnosis,N/A,Allergic contact dermatitis,,,,,ICD-10-WHO,L23.9,SAME-AS
155318AAAAAAAAAAAAAAAAAAAAAAAAAAAAAA,,Borderline Lepromatous Leprosy,,Diagnosis,N/A,Borderline Lepromatous Leprosy,,,,,ICD-10-WHO,A30.4,SAME-AS
155319AAAAAAAAAAAAAAAAAAAAAAAAAAAAAA,,Borderline tuberculoid leprosy,,Diagnosis,N/A,Borderline tuberculoid leprosy,,,,,ICD-10-WHO,A30.2,SAME-AS
155436AAAAAAAAAAAAAAAAAAAAAAAAAAAAAA,,Caries of dentine,,Diagnosis,N/A,Caries of dentine,,,,,ICD-10-WHO,K02.1,SAME-AS
156199AAAAAAAAAAAAAAAAAAAAAAAAAAAAAA,,Electric shock,,Diagnosis,N/A,Electric shock,,,,,ICD-10-WHO,W87,SAME-AS
156355AAAAAAAAAAAAAAAAAAAAAAAAAAAAAA,,foreign body in respiratory tract,,Diagnosis,N/A,foreign body in respiratory tract,,,,,ICD-10-WHO,T17.9,SAME-AS
156410AAAAAAAAAAAAAAAAAAAAAAAAAAAAAA,,Fracture of thoracic vertebra,,Diagnosis,N/A,Fracture of thoracic vertebra,,,,,ICD-10-WHO,S22.0,SAME-AS
157523AAAAAAAAAAAAAAAAAAAAAAAAAAAAAA,,Focal seizures,,Diagnosis,N/A,Focal seizures,,,,,ICD-10-WHO,G40.0,SAME-AS
157544AAAAAAAAAAAAAAAAAAAAAAAAAAAAAA,,Lower abdominal pain,,Diagnosis,N/A,Lower abdominal pain,,,,,ICD-10-WHO,R10.3,SAME-AS
157588AAAAAAAAAAAAAAAAAAAAAAAAAAAAAA,,malignant neoplasm of bone,,Diagnosis,N/A,malignant neoplasm of bone,,,,,ICD-10-WHO,C41.9,SAME-AS
157791AAAAAAAAAAAAAAAAAAAAAAAAAAAAAA,,Mild Depressive Episode,,Diagnosis,N/A,Mild Depressive Episode,,,,,ICD-10-WHO,F32.0,SAME-AS
157810AAAAAAAAAAAAAAAAAAAAAAAAAAAAAA,,Moderate Depressive Episode,,Diagnosis,N/A,Moderate Depressive Episode,,,,,ICD-10-WHO,F32.1,SAME-AS
157811AAAAAAAAAAAAAAAAAAAAAAAAAAAAAA,,Moderate pre-eclampsia,,Diagnosis,N/A,Moderate pre-eclampsia,,,,,ICD-10-WHO,O14.0,SAME-AS
157905AAAAAAAAAAAAAAAAAAAAAAAAAAAAAA,,Neonatal hematemesis,,Diagnosis,N/A,Neonatal hematemesis,,,,,ICD-10-WHO,P54.0,SAME-AS
158511AAAAAAAAAAAAAAAAAAAAAAAAAAAAAA,,Preterm premature rupture of membranes,,Diagnosis,N/A,Preterm premature rupture of membranes,,,,,ICD-10-WHO,O42.9,SAME-AS
158532AAAAAAAAAAAAAAAAAAAAAAAAAAAAAA,,Malignant neoplasm of vagina,,Diagnosis,N/A,Malignant neoplasm of vagina,,,,,ICD-10-WHO,C52,SAME-AS
158801AAAAAAAAAAAAAAAAAAAAAAAAAAAAAA,,Severe Depressive Episode with Psychotic Symptoms,,Diagnosis,N/A,Severe Depressive Episode with Psychotic Symptoms,,,,,ICD-10-WHO,F32.3,SAME-AS
158802AAAAAAAAAAAAAAAAAAAAAAAAAAAAAA,,Severe Depressive Episode without Psychotic Symptoms,,Diagnosis,N/A,Severe Depressive Episode without Psychotic Symptoms,,,,,ICD-10-WHO,F32.2,SAME-AS
158818AAAAAAAAAAAAAAAAAAAAAAAAAAAAAA,,Febrile seizure,,Diagnosis,N/A,Febrile seizure,,,,,ICD-10-WHO,R56.0,SAME-AS
158842AAAAAAAAAAAAAAAAAAAAAAAAAAAAAA,,Soft tissue infection,,Diagnosis,N/A,Soft tissue infection,,,,,ICD-10-WHO,B99,SAME-AS
161570AAAAAAAAAAAAAAAAAAAAAAAAAAAAAA,,Stress fracture,,Diagnosis,N/A,Stress fracture,,,,,ICD-10-WHO,M84.3,SAME-AS
161633AAAAAAAAAAAAAAAAAAAAAAAAAAAAAA,,Vaginal delivery following previous caesarean section,,Diagnosis,N/A,Vaginal delivery following previous caesarean section,,,,,ICD-10-WHO,O75.7,SAME-AS
161644AAAAAAAAAAAAAAAAAAAAAAAAAAAAAA,,Hypertensive Urgency,,Diagnosis,N/A,Hypertensive Urgency,,,,,ICD-10-WHO,I67.4,SAME-AS
161644AAAAAAAAAAAAAAAAAAAAAAAAAAAAAA,,Hypertensive crisis,,Diagnosis,N/A,Hypertensive crisis,,,,,ICD-10-WHO,I10,SAME-AS
161696AAAAAAAAAAAAAAAAAAAAAAAAAAAAAA,,Above knee amputation,,Diagnosis,N/A,Above knee amputation,,,,,ICD-10-WHO,L81,SAME-AS
161882AAAAAAAAAAAAAAAAAAAAAAAAAAAAAA,,Surveillance of contraceptive drugs,,Diagnosis,N/A,Surveillance of contraceptive drugs,,,,,ICD-10-WHO,Z30.4,SAME-AS
161883AAAAAAAAAAAAAAAAAAAAAAAAAAAAAA,,Review of normal first pregnancy,,Diagnosis,N/A,Review of normal first pregnancy,,,,,ICD-10-WHO,Z34.0,SAME-AS
161885AAAAAAAAAAAAAAAAAAAAAAAAAAAAAA,,Insertion of Norplant,,Diagnosis,N/A,Insertion of Norplant,,,,,ICD-10-WHO,Z30.1,SAME-AS
161887AAAAAAAAAAAAAAAAAAAAAAAAAAAAAA,,Watery diarrhea,,Diagnosis,N/A,Watery diarrhea,,,,,ICD-10-WHO,A09.0,SAME-AS
161896AAAAAAAAAAAAAAAAAAAAAAAAAAAAAA,,Encounter for palliative care,,Diagnosis,N/A,Encounter for palliative care,,,,,ICD-10-WHO,Z51.5,SAME-AS
162193AAAAAAAAAAAAAAAAAAAAAAAAAAAAAA,,Normal labor,,Diagnosis,N/A,Normal labor,,,,,ICD-10-WHO,Z37.9,SAME-AS
162205AAAAAAAAAAAAAAAAAAAAAAAAAAAAAA,,"Singleton, born in hospital",,Diagnosis,N/A,"Singleton, born in hospital",,,,,ICD-10-WHO,Z38.0,SAME-AS
162206AAAAAAAAAAAAAAAAAAAAAAAAAAAAAA,,Abortion complicated by hemorrhage,,Diagnosis,N/A,Abortion complicated by hemorrhage,,,,,ICD-10-WHO,O06.6,SAME-AS
162208AAAAAAAAAAAAAAAAAAAAAAAAAAAAAA,,"Well baby exam, 8 to 28 days old",,Diagnosis,N/A,"Well baby exam, 8 to 28 days old",,,,,ICD-10-WHO,Z00.1,SAME-AS
162209AAAAAAAAAAAAAAAAAAAAAAAAAAAAAA,,"Well baby exam, less than 8 days old",,Diagnosis,N/A,"Well baby exam, less than 8 days old",,,,,ICD-10-WHO,Z00.1,SAME-AS
162211AAAAAAAAAAAAAAAAAAAAAAAAAAAAAA,,"Triplets or more, liveborn in hospital",,Diagnosis,N/A,"Triplets or more, liveborn in hospital",,,,,ICD-10-WHO,Z38.6,SAME-AS
162231AAAAAAAAAAAAAAAAAAAAAAAAAAAAAA,,Disturbance of cerebral function of newborn,,Diagnosis,N/A,Disturbance of cerebral function of newborn,,,,,ICD-10-WHO,P91.9,SAME-AS
162232AAAAAAAAAAAAAAAAAAAAAAAAAAAAAA,,Disorder of muscle tone of the newborn,,Diagnosis,N/A,Disorder of muscle tone of the newborn,,,,,ICD-10-WHO,P94.9,SAME-AS
162236AAAAAAAAAAAAAAAAAAAAAAAAAAAAAA,,Neoplasm of the eye,,Diagnosis,N/A,Neoplasm of the eye,,,,,ICD-10-WHO,D48.7,SAME-AS
162313AAAAAAAAAAAAAAAAAAAAAAAAAAAAAA,,Mania with psychotic symptoms,,Diagnosis,N/A,Mania with psychotic symptoms,,,,,ICD-10-WHO,F30.2,SAME-AS
162314AAAAAAAAAAAAAAAAAAAAAAAAAAAAAA,,Mania without psychotic symptoms,,Diagnosis,N/A,Mania without psychotic symptoms,,,,,ICD-10-WHO,F30.1,SAME-AS
162315AAAAAAAAAAAAAAAAAAAAAAAAAAAAAA,,Maternal Fetal Infection,,Diagnosis,N/A,Maternal Fetal Infection,,,,,ICD-10-WHO,P00.2,SAME-AS
162527AAAAAAAAAAAAAAAAAAAAAAAAAAAAAA,,Injury to quadriceps muscle or tendon,,Diagnosis,N/A,Injury to quadriceps muscle or tendon,,,,,ICD-10-WHO,S76.1,SAME-AS
162938AAAAAAAAAAAAAAAAAAAAAAAAAAAAAA,,Latent Labor,,Diagnosis,N/A,Latent Labor,,,,,ICD-10-WHO,O47.9,SAME-AS
19a2d9fa-396b-489e-a8e4-eab410e04d51,,Encephalitis,,Diagnosis,N/A,Encephalitis,,,,,ICD-10-WHO,G04.9,SAME-AS
1b6bfdd6-f252-41b9-b95f-bba9bef6e9d2,,Phlebitis and thrombophlebitis,,Diagnosis,N/A,Phlebitis and thrombophlebitis,,,,,ICD-10-WHO,I80.9,SAME-AS
2020ca9e-d678-4b4d-89e4-4dac94378311,,Malignant neoplasm of lung,,Diagnosis,N/A,Malignant neoplasm of lung,,,,,ICD-10-WHO,C34.9,SAME-AS
227fa947-0fc5-43af-88df-728d34cb509d,,"Low birth weight, 1250-1499 gm",,Diagnosis,N/A,"Low birth weight, 1250-1499 gm",,,,,ICD-10-WHO,P07.1,SAME-AS
24d20152-63a4-4aed-ad00-c46e3f4fdddf,,"Low birth weight, 1500-1749 gm",,Diagnosis,N/A,"Low birth weight, 1500-1749 gm",,,,,ICD-10-WHO,P07.1,SAME-AS
26d45366-618d-400c-9c50-d6506cf098c2,,Vertigo,,Diagnosis,N/A,Vertigo,,,,,ICD-10-WHO,R42,SAME-AS
2f250509-2c7d-45e0-b28a-08809e1b78f3,,Peripartum cardiomyopathy,,Diagnosis,N/A,Peripartum cardiomyopathy,,,,,ICD-10-WHO,O90.3,SAME-AS
330d227b-fada-4b8b-a05c-ba56b8e96e19,,Severe dehydration,,Diagnosis,N/A,Severe dehydration,,,,,ICD-10-WHO,E86,SAME-AS
355bec6c-76ea-42de-a7ea-d4f5388d3cca,,Feeding problems in the newborn,,Diagnosis,N/A,Feeding problems in the newborn,,,,,ICD-10-WHO,P92.9,SAME-AS
3ccc4764-26fe-102b-80cb-0017a47871b2,,Anemia,,Diagnosis,N/A,Anemia,,,,,ICD-10-WHO,D64.9,SAME-AS
3ccc49bc-26fe-102b-80cb-0017a47871b2,,Asthma exacerbation,,Diagnosis,N/A,Asthma exacerbation,,,,,ICD-10-WHO,J45.9,SAME-AS
3ccc4bf6-26fe-102b-80cb-0017a47871b2,,"Asthma, unknown severity",,Diagnosis,N/A,"Asthma, unknown severity",,,,,ICD-10-WHO,J45.9,SAME-AS
3ccc57ae-26fe-102b-80cb-0017a47871b2,,Acute Bronchitis,,Diagnosis,N/A,Acute Bronchitis,,,,,ICD-10-WHO,J20.9,SAME-AS
3ccc6a00-26fe-102b-80cb-0017a47871b2,,Diarrhea,,Diagnosis,N/A,Diarrhea,,,,,ICD-10-WHO,K52.9,SAME-AS
3ccc7892-26fe-102b-80cb-0017a47871b2,,Hepatitis A,,Diagnosis,N/A,Hepatitis A,,,,,ICD-10-WHO,B15.9,SAME-AS
3ccc7a0e-26fe-102b-80cb-0017a47871b2,,Hepatitis B,,Diagnosis,N/A,Hepatitis B,,,,,ICD-10-WHO,B16.9,SAME-AS
3ccc91c4-26fe-102b-80cb-0017a47871b2,,Pneumonia,,Diagnosis,N/A,Pneumonia,,,,,ICD-10-WHO,J18.9,SAME-AS
3ccc9340-26fe-102b-80cb-0017a47871b2,,Pregnancy,,Diagnosis,N/A,Pregnancy,,,,,ICD-10-WHO,Z33,SAME-AS
3ccc9624-26fe-102b-80cb-0017a47871b2,,Ectopic Pregnancy,,Diagnosis,N/A,Ectopic Pregnancy,,,,,ICD-10-WHO,O00.9,SAME-AS
3ccc97a0-26fe-102b-80cb-0017a47871b2,,Pre-eclampsia,,Diagnosis,N/A,Pre-eclampsia,,,,,ICD-10-WHO,O14.9,SAME-AS
3ccc9a8e-26fe-102b-80cb-0017a47871b2,,Postpartum hemorrhage,,Diagnosis,N/A,Postpartum hemorrhage,,,,,ICD-10-WHO,O72.1,SAME-AS
3ccca36c-26fe-102b-80cb-0017a47871b2,,Urinary tract infection,,Diagnosis,N/A,Urinary tract infection,,,,,ICD-10-WHO,N39.0,SAME-AS
3ccca7cc-26fe-102b-80cb-0017a47871b2,,Tuberculosis,,Diagnosis,N/A,Tuberculosis,,,,,ICD-10-WHO,A16.9,SAME-AS
3ccca93e-26fe-102b-80cb-0017a47871b2,,Leprosy,,Diagnosis,N/A,Leprosy,,,,,ICD-10-WHO,A30.9,SAME-AS
3cccaf06-26fe-102b-80cb-0017a47871b2,,Measles,,Diagnosis,N/A,Measles,,,,,ICD-10-WHO,B05.9,SAME-AS
3cccb082-26fe-102b-80cb-0017a47871b2,,Mumps,,Diagnosis,N/A,Mumps,,,,,ICD-10-WHO,B26.9,SAME-AS
3cccb4d8-26fe-102b-80cb-0017a47871b2,,Intestinal Parasites,,Diagnosis,N/A,Intestinal Parasites,,,,,ICD-10-WHO,B82.9,SAME-AS
3cccb654-26fe-102b-80cb-0017a47871b2,,Malnutrition,,Diagnosis,N/A,Malnutrition,,,,,ICD-10-WHO,E46,SAME-AS
3cccc068-26fe-102b-80cb-0017a47871b2,,Neoplasm,,Diagnosis,N/A,Neoplasm,,,,,ICD-10-WHO,D48.9,SAME-AS
3cccc7ac-26fe-102b-80cb-0017a47871b2,,Joint Pain,,Diagnosis,N/A,Joint Pain,,,,,ICD-10-WHO,M25.5,SAME-AS
3cccc7ac-26fe-102b-80cb-0017a47871b2,,Arthralgia,,Diagnosis,N/A,Arthralgia,,,,,ICD-10-WHO,M25.5,SAME-AS
3cccd076-26fe-102b-80cb-0017a47871b2,,Transport accident,,Diagnosis,N/A,Transport accident,,,,,ICD-10-WHO,V99,SAME-AS
3cccf4a2-26fe-102b-80cb-0017a47871b2,,Upper respiratory infection,,Diagnosis,N/A,Upper respiratory infection,,,,,ICD-10-WHO,J06.9,SAME-AS
3cccf632-26fe-102b-80cb-0017a47871b2,,Cough,,Diagnosis,N/A,Cough,,,,,ICD-10-WHO,R05,SAME-AS
3cccfc54-26fe-102b-80cb-0017a47871b2,,Dyspepsia,,Diagnosis,N/A,Dyspepsia,,,,,ICD-10-WHO,K30,SAME-AS
3ccd010e-26fe-102b-80cb-0017a47871b2,,Otitis Media,,Diagnosis,N/A,Otitis Media,,,,,ICD-10-WHO,H66.9,SAME-AS
3ccd042e-26fe-102b-80cb-0017a47871b2,,Arthritis,,Diagnosis,N/A,Arthritis,,,,,ICD-10-WHO,M00.9,SAME-AS
3ccd05be-26fe-102b-80cb-0017a47871b2,,Bacterial conjuctivitis,,Diagnosis,N/A,Bacterial conjuctivitis,,,,,ICD-10-WHO,H10.0,SAME-AS
3ccd08d4-26fe-102b-80cb-0017a47871b2,,Dermatitis,,Diagnosis,N/A,Dermatitis,,,,,ICD-10-WHO,L30.9,SAME-AS
3ccd0bf4-26fe-102b-80cb-0017a47871b2,,Myalgia,,Diagnosis,N/A,Myalgia,,,,,ICD-10-WHO,M79.1,SAME-AS
3ccd0f0a-26fe-102b-80cb-0017a47871b2,,Malaria,,Diagnosis,N/A,Malaria,,,,,ICD-10-WHO,B54,SAME-AS
3ccd122a-26fe-102b-80cb-0017a47871b2,,Head injury,,Diagnosis,N/A,Head injury,,,,,ICD-10-WHO,S09.9,SAME-AS
3ccd154a-26fe-102b-80cb-0017a47871b2,,Dysmenorrhea,,Diagnosis,N/A,Dysmenorrhea,,,,,ICD-10-WHO,N94.6,SAME-AS
3ccd16da-26fe-102b-80cb-0017a47871b2,,Open Wound,,Diagnosis,N/A,Open Wound,,,,,ICD-10-WHO,T14.1,SAME-AS
3ccd1a36-26fe-102b-80cb-0017a47871b2,,Puerperal Sepsis,,Diagnosis,N/A,Puerperal Sepsis,,,,,ICD-10-WHO,O85,SAME-AS
3ccd1bda-26fe-102b-80cb-0017a47871b2,,Other dental caries,,Diagnosis,N/A,Other dental caries,,,,,ICD-10-WHO,K02.9,SAME-AS
3ccd1ee6-26fe-102b-80cb-0017a47871b2,,Goiter,,Diagnosis,N/A,Goiter,,,,,ICD-10-WHO,E04.9,SAME-AS
3ccd206c-26fe-102b-80cb-0017a47871b2,,Cellulitis,,Diagnosis,N/A,Cellulitis,,,,,ICD-10-WHO,L03.9,SAME-AS
3ccd21e8-26fe-102b-80cb-0017a47871b2,,Burn,,Diagnosis,N/A,Burn,,,,,ICD-10-WHO,T30.0,SAME-AS
3ccd2364-26fe-102b-80cb-0017a47871b2,,Chest Pain,,Diagnosis,N/A,Chest Pain,,,,,ICD-10-WHO,R07.4,SAME-AS
3ccd2666-26fe-102b-80cb-0017a47871b2,,Abscess,,Diagnosis,N/A,Abscess,,,,,ICD-10-WHO,L02.9,SAME-AS
3ccd2800-26fe-102b-80cb-0017a47871b2,,Vaginitis,,Diagnosis,N/A,Vaginitis,,,,,ICD-10-WHO,N76.0,SAME-AS
3ccd2986-26fe-102b-80cb-0017a47871b2,,Scabies,,Diagnosis,N/A,Scabies,,,,,ICD-10-WHO,B86,SAME-AS
3ccd2b02-26fe-102b-80cb-0017a47871b2,,Typhoid fever,,Diagnosis,N/A,Typhoid fever,,,,,ICD-10-WHO,A01.0,SAME-AS
3ccd369c-26fe-102b-80cb-0017a47871b2,,Allergy,,Diagnosis,N/A,Allergy,,,,,ICD-10-WHO,T78.4,SAME-AS
3ccd398a-26fe-102b-80cb-0017a47871b2,,Tinea capitis,,Diagnosis,N/A,Tinea capitis,,,,,ICD-10-WHO,B35.0,SAME-AS
3ccd40ce-26fe-102b-80cb-0017a47871b2,,Bronchitis,,Diagnosis,N/A,Bronchitis,,,,,ICD-10-WHO,J40,SAME-AS
3ccdf42e-26fe-102b-80cb-0017a47871b2,,Cervicitis,,Diagnosis,N/A,Cervicitis,,,,,ICD-10-WHO,N72,SAME-AS
3ccdf6b8-26fe-102b-80cb-0017a47871b2,,Pharyngitis,,Diagnosis,N/A,Pharyngitis,,,,,ICD-10-WHO,J02.9,SAME-AS
3ccdf8d4-26fe-102b-80cb-0017a47871b2,,Abdominal Pain,,Diagnosis,N/A,Abdominal Pain,,,,,ICD-10-WHO,R10.4,SAME-AS
3cce0a90-26fe-102b-80cb-0017a47871b2,,Epilepsy,,Diagnosis,N/A,Epilepsy,,,,,ICD-10-WHO,G40.9,SAME-AS
3cce4c76-26fe-102b-80cb-0017a47871b2,,Lymphadenopathy,,Diagnosis,N/A,Lymphadenopathy,,,,,ICD-10-WHO,R59.9,SAME-AS
3cce52e8-26fe-102b-80cb-0017a47871b2,,Sexual Assault,,Diagnosis,N/A,Sexual Assault,,,,,ICD-10-WHO,Z04.4,SAME-AS
3cce5c48-26fe-102b-80cb-0017a47871b2,,Fungal Infection,,Diagnosis,N/A,Fungal Infection,,,,,ICD-10-WHO,B49,SAME-AS
3cce5dd8-26fe-102b-80cb-0017a47871b2,,Gastritis,,Diagnosis,N/A,Gastritis,,,,,ICD-10-WHO,K29.7,SAME-AS
3cce6116-26fe-102b-80cb-0017a47871b2,,Sexually transmitted infection,,Diagnosis,N/A,Sexually transmitted infection,,,,,ICD-10-WHO,A64,SAME-AS
3cce65bc-26fe-102b-80cb-0017a47871b2,,Fracture,,Diagnosis,N/A,Fracture,,,,,ICD-10-WHO,T14.2,SAME-AS
3cce6a6c-26fe-102b-80cb-0017a47871b2,,Shoulder Dislocation,,Diagnosis,N/A,Shoulder Dislocation,,,,,ICD-10-WHO,S43.0,SAME-AS
3cce7232-26fe-102b-80cb-0017a47871b2,,Cholecystitis,,Diagnosis,N/A,Cholecystitis,,,,,ICD-10-WHO,K81.9,SAME-AS
3cce8510-26fe-102b-80cb-0017a47871b2,,Gastroenteritis,,Diagnosis,N/A,Gastroenteritis,,,,,ICD-10-WHO,A09.0,SAME-AS
3cce870e-26fe-102b-80cb-0017a47871b2,,Cholera,,Diagnosis,N/A,Cholera,,,,,ICD-10-WHO,A00.9,SAME-AS
3cce8bb4-26fe-102b-80cb-0017a47871b2,,Acute appendicitis,,Diagnosis,N/A,Acute appendicitis,,,,,ICD-10-WHO,K35,SAME-AS
3cce8d4e-26fe-102b-80cb-0017a47871b2,,Rheumatoid arthritis,,Diagnosis,N/A,Rheumatoid arthritis,,,,,ICD-10-WHO,M06.9,SAME-AS
3cce906e-26fe-102b-80cb-0017a47871b2,,Candidiasis,,Diagnosis,N/A,Candidiasis,,,,,ICD-10-WHO,B37.9,SAME-AS
3cce938e-26fe-102b-80cb-0017a47871b2,,Seizure,,Diagnosis,N/A,Seizure,,,,,ICD-10-WHO,R56.8,SAME-AS
3cce9514-26fe-102b-80cb-0017a47871b2,,Depression,,Diagnosis,N/A,Depression,,,,,ICD-10-WHO,F32.9,SAME-AS
3cce99c4-26fe-102b-80cb-0017a47871b2,,Peptic Ulcer,,Diagnosis,N/A,Peptic Ulcer,,,,,ICD-10-WHO,K27.9,SAME-AS
3ccea1bc-26fe-102b-80cb-0017a47871b2,,Jaundice,,Diagnosis,N/A,Jaundice,,,,,ICD-10-WHO,R17,SAME-AS
3ccea34c-26fe-102b-80cb-0017a47871b2,,Leukemia,,Diagnosis,N/A,Leukemia,,,,,ICD-10-WHO,C95.9,SAME-AS
3ccea66c-26fe-102b-80cb-0017a47871b2,,Otitis Externa,,Diagnosis,N/A,Otitis Externa,,,,,ICD-10-WHO,H60.9,SAME-AS
3ccea7fc-26fe-102b-80cb-0017a47871b2,,Psychosis,,Diagnosis,N/A,Psychosis,,,,,ICD-10-WHO,F29,SAME-AS
3cceab1c-26fe-102b-80cb-0017a47871b2,,Rheumatic Heart Disease,,Diagnosis,N/A,Rheumatic Heart Disease,,,,,ICD-10-WHO,I09.9,SAME-AS
3cceaca2-26fe-102b-80cb-0017a47871b2,,Sinusitis,,Diagnosis,N/A,Sinusitis,,,,,ICD-10-WHO,J32.9,SAME-AS
3cceae50-26fe-102b-80cb-0017a47871b2,,Syphilis,,Diagnosis,N/A,Syphilis,,,,,ICD-10-WHO,A53.9,SAME-AS
3ccf3be0-26fe-102b-80cb-0017a47871b2,,Vaginal candidiasis,,Diagnosis,N/A,Vaginal candidiasis,,,,,ICD-10-WHO,B37.3,SAME-AS
3ccfb548-26fe-102b-80cb-0017a47871b2,,Allergic rhinitis,,Diagnosis,N/A,Allergic rhinitis,,,,,ICD-10-WHO,J30.4,SAME-AS
3cd0003e-26fe-102b-80cb-0017a47871b2,,Dog Bite,,Diagnosis,N/A,Dog Bite,,,,,ICD-10-WHO,T14.1,SAME-AS
3cd00796-26fe-102b-80cb-0017a47871b2,,Rabies,,Diagnosis,N/A,Rabies,,,,,ICD-10-WHO,A82.9,SAME-AS
3cd12a04-26fe-102b-80cb-0017a47871b2,,Edema,,Diagnosis,N/A,Edema,,,,,ICD-10-WHO,R60.9,SAME-AS
3cd134f4-26fe-102b-80cb-0017a47871b2,,Schizophrenia,,Diagnosis,N/A,Schizophrenia,,,,,ICD-10-WHO,F20.9,SAME-AS
3cd14b24-26fe-102b-80cb-0017a47871b2,,Dislocation,,Diagnosis,N/A,Dislocation,,,,,ICD-10-WHO,T14.3,SAME-AS
3cd15934-26fe-102b-80cb-0017a47871b2,,Hyperemesis gravidarum,,Diagnosis,N/A,Hyperemesis gravidarum,,,,,ICD-10-WHO,O21.9,SAME-AS
3cd15f92-26fe-102b-80cb-0017a47871b2,,Bartholin's abscess,,Diagnosis,N/A,Bartholin's abscess,,,,,ICD-10-WHO,N75.1,SAME-AS
3cd173f6-26fe-102b-80cb-0017a47871b2,,Kaposi sarcoma,,Diagnosis,N/A,Kaposi sarcoma,,,,,ICD-10-WHO,C46.9,SAME-AS
3cd1fce0-26fe-102b-80cb-0017a47871b2,,Ascites,,Diagnosis,N/A,Ascites,,,,,ICD-10-WHO,R18,SAME-AS
3cd24178-26fe-102b-80cb-0017a47871b2,,Headache,,Diagnosis,N/A,Headache,,,,,ICD-10-WHO,R51,SAME-AS
3cd471be-26fe-102b-80cb-0017a47871b2,,Neuropathy,,Diagnosis,N/A,Neuropathy,,,,,ICD-10-WHO,G62.9,SAME-AS
3cd471be-26fe-102b-80cb-0017a47871b2,,Peripheral neuropathy,,Diagnosis,N/A,Peripheral neuropathy,,,,,ICD-10-WHO,G62.9,SAME-AS
3cd4734e-26fe-102b-80cb-0017a47871b2,,Exposure to HIV,,Diagnosis,N/A,Exposure to HIV,,,,,ICD-10-WHO,Z20.6,SAME-AS
3cd47e3e-26fe-102b-80cb-0017a47871b2,,Eczema,,Diagnosis,N/A,Eczema,,,,,ICD-10-WHO,L30.9,SAME-AS
3cd47fce-26fe-102b-80cb-0017a47871b2,,Laryngitis,,Diagnosis,N/A,Laryngitis,,,,,ICD-10-WHO,J04.0,SAME-AS
3cd482ee-26fe-102b-80cb-0017a47871b2,,Abnormal weight loss,,Diagnosis,N/A,Abnormal weight loss,,,,,ICD-10-WHO,R63.4,SAME-AS
3cd4879e-26fe-102b-80cb-0017a47871b2,,Tinea corporis,,Diagnosis,N/A,Tinea corporis,,,,,ICD-10-WHO,B35.4,SAME-AS
3cd48924-26fe-102b-80cb-0017a47871b2,,Herpes Zoster,,Diagnosis,N/A,Herpes Zoster,,,,,ICD-10-WHO,B02.9,SAME-AS
3cd48c44-26fe-102b-80cb-0017a47871b2,,Acne,,Diagnosis,N/A,Acne,,,,,ICD-10-WHO,L70.9,SAME-AS
3cd48dca-26fe-102b-80cb-0017a47871b2,,Thrombocytopenia,,Diagnosis,N/A,Thrombocytopenia,,,,,ICD-10-WHO,D69.6,SAME-AS
3cd48f5a-26fe-102b-80cb-0017a47871b2,,Hematuria,,Diagnosis,N/A,Hematuria,,,,,ICD-10-WHO,R31,SAME-AS
3cd4bc50-26fe-102b-80cb-0017a47871b2,,Anorexia,,Diagnosis,N/A,Anorexia,,,,,ICD-10-WHO,R63.0,SAME-AS
3cd4cda8-26fe-102b-80cb-0017a47871b2,,Pruritus,,Diagnosis,N/A,Pruritus,,,,,ICD-10-WHO,L29.9,SAME-AS
3cd4d0c8-26fe-102b-80cb-0017a47871b2,,Dysphagia,,Diagnosis,N/A,Dysphagia,,,,,ICD-10-WHO,R13,SAME-AS
3cd4dca8-26fe-102b-80cb-0017a47871b2,,HIV,,Diagnosis,N/A,HIV,,,,,ICD-10-WHO,B24,SAME-AS
3cd4e7e8-26fe-102b-80cb-0017a47871b2,,Pertussis,,Diagnosis,N/A,Pertussis,,,,,ICD-10-WHO,A37.9,SAME-AS
3cd4e978-26fe-102b-80cb-0017a47871b2,,Varicella,,Diagnosis,N/A,Varicella,,,,,ICD-10-WHO,B01.9,SAME-AS
3cd4eca2-26fe-102b-80cb-0017a47871b2,,Gonorrhea,,Diagnosis,N/A,Gonorrhea,,,,,ICD-10-WHO,A54.9,SAME-AS
3cd4f2f6-26fe-102b-80cb-0017a47871b2,,Chalazion,,Diagnosis,N/A,Chalazion,,,,,ICD-10-WHO,H00.1,SAME-AS
3cd4f6fc-26fe-102b-80cb-0017a47871b2,,Low Back Pain,,Diagnosis,N/A,Low Back Pain,,,,,ICD-10-WHO,M54.5,SAME-AS
3cd4f88c-26fe-102b-80cb-0017a47871b2,,False labor,,Diagnosis,N/A,False labor,,,,,ICD-10-WHO,O47.9,SAME-AS
3cd4fd00-26fe-102b-80cb-0017a47871b2,,Fever of unknown origin,,Diagnosis,N/A,Fever of unknown origin,,,,,ICD-10-WHO,R50.9,SAME-AS
3cd4ff6c-26fe-102b-80cb-0017a47871b2,,Pelvic inflammatory disease,,Diagnosis,N/A,Pelvic inflammatory disease,,,,,ICD-10-WHO,N73.9,SAME-AS
3cd50188-26fe-102b-80cb-0017a47871b2,,Hypertension,,Diagnosis,N/A,Hypertension,,,,,ICD-10-WHO,I10,SAME-AS
3cd505b6-26fe-102b-80cb-0017a47871b2,,Incomplete abortion,,Diagnosis,N/A,Incomplete abortion,,,,,ICD-10-WHO,O05.4,SAME-AS
3cd68008-26fe-102b-80cb-0017a47871b2,,Anaphylaxis,,Diagnosis,N/A,Anaphylaxis,,,,,ICD-10-WHO,T78.2,SAME-AS
3cd771ac-26fe-102b-80cb-0017a47871b2,,Pulmonary Effusion,,Diagnosis,N/A,Pulmonary Effusion,,,,,ICD-10-WHO,J90,SAME-AS
3cd7af5a-26fe-102b-80cb-0017a47871b2,,Normal Vaginal delivery,,Diagnosis,N/A,Normal Vaginal delivery,,,,,ICD-10-WHO,O80.9,SAME-AS
3cd80928-26fe-102b-80cb-0017a47871b2,,Molluscum contagiosum,,Diagnosis,N/A,Molluscum contagiosum,,,,,ICD-10-WHO,B08.1,SAME-AS
3cd97cc2-26fe-102b-80cb-0017a47871b2,,Mild Malnutrition,,Diagnosis,N/A,Mild Malnutrition,,,,,ICD-10-WHO,E44.1,SAME-AS
3cd97e34-26fe-102b-80cb-0017a47871b2,,Moderate Malnutrition,,Diagnosis,N/A,Moderate Malnutrition,,,,,ICD-10-WHO,E44.0,SAME-AS
3cd97fb0-26fe-102b-80cb-0017a47871b2,,Severe Malnutrition,,Diagnosis,N/A,Severe Malnutrition,,,,,ICD-10-WHO,E43,SAME-AS
3cdbd670-26fe-102b-80cb-0017a47871b2,,Extra-pulmonary tuberculosis,,Diagnosis,N/A,Extra-pulmonary tuberculosis,,,,,ICD-10-WHO,A18.8,SAME-AS
3cde693a-26fe-102b-80cb-0017a47871b2,,Marasmus,,Diagnosis,N/A,Marasmus,,,,,ICD-10-WHO,E41,SAME-AS
3cde6ab6-26fe-102b-80cb-0017a47871b2,,Kwashiorkor,,Diagnosis,N/A,Kwashiorkor,,,,,ICD-10-WHO,E40,SAME-AS
3ce14aba-26fe-102b-80cb-0017a47871b2,,Bloody diarrhea,,Diagnosis,N/A,Bloody diarrhea,,,,,ICD-10-WHO,A09.0,SAME-AS
3ce16838-26fe-102b-80cb-0017a47871b2,,Bacterial vaginosis,,Diagnosis,N/A,Bacterial vaginosis,,,,,ICD-10-WHO,N76.0,SAME-AS
3ce6cd14-26fe-102b-80cb-0017a47871b2,,Lymphogranuloma venereum,,Diagnosis,N/A,Lymphogranuloma venereum,,,,,ICD-10-WHO,A55,SAME-AS
3ce6ce90-26fe-102b-80cb-0017a47871b2,,"Genital Ulcers, Chancroid",,Diagnosis,N/A,"Genital Ulcers, Chancroid",,,,,ICD-10-WHO,A57,SAME-AS
3ce8c3d0-26fe-102b-80cb-0017a47871b2,,Cardiomyopathy,,Diagnosis,N/A,Cardiomyopathy,,,,,ICD-10-WHO,I42.9,SAME-AS
3ce8fdfa-26fe-102b-80cb-0017a47871b2,,Failure to thrive,,Diagnosis,N/A,Failure to thrive,,,,,ICD-10-WHO,R62.8,SAME-AS
3ce960ec-26fe-102b-80cb-0017a47871b2,,Abnormal gait,,Diagnosis,N/A,Abnormal gait,,,,,ICD-10-WHO,R26.8,SAME-AS
3ce98d06-26fe-102b-80cb-0017a47871b2,,Dementia,,Diagnosis,N/A,Dementia,,,,,ICD-10-WHO,F03,SAME-AS
3ceb32b4-26fe-102b-80cb-0017a47871b2,,Acute poliomyelitis,,Diagnosis,N/A,Acute poliomyelitis,,,,,ICD-10-WHO,A80.9,SAME-AS
3ceb46fa-26fe-102b-80cb-0017a47871b2,,Family planning,,Diagnosis,N/A,Family planning,,,,,ICD-10-WHO,Z30.0,SAME-AS
3cebd71e-26fe-102b-80cb-0017a47871b2,,Toxoplasmosis,,Diagnosis,N/A,Toxoplasmosis,,,,,ICD-10-WHO,B58.9,SAME-AS
3cf1898e-26fe-102b-80cb-0017a47871b2,,Fever,,Diagnosis,N/A,Fever,,,,,ICD-10-WHO,R50.9,SAME-AS
3cf19000-26fe-102b-80cb-0017a47871b2,,Malaise And Fatigue,,Diagnosis,N/A,Malaise And Fatigue,,,,,ICD-10-WHO,R53,SAME-AS
3cf1a95a-26fe-102b-80cb-0017a47871b2,,Dyspnea,,Diagnosis,N/A,Dyspnea,,,,,ICD-10-WHO,R06.0,SAME-AS
3cf1c610-26fe-102b-80cb-0017a47871b2,,Nausea,,Diagnosis,N/A,Nausea,,,,,,,
3cf1c930-26fe-102b-80cb-0017a47871b2,,Vomiting,,Diagnosis,N/A,Vomiting,,,,,ICD-10-WHO,R11,SAME-AS
3cf1e0f0-26fe-102b-80cb-0017a47871b2,,Urethral Discharge,,Diagnosis,N/A,Urethral Discharge,,,,,ICD-10-WHO,R36,SAME-AS
3cf29fe0-26fe-102b-80cb-0017a47871b2,,Painful Micturition,,Diagnosis,N/A,Painful Micturition,,,,,ICD-10-WHO,R30.9,SAME-AS
3f551a17-eefd-4806-89e1-25cddbb0b75e,,Ovarian torsion,,Diagnosis,N/A,Ovarian torsion,,,,,ICD-10-WHO,N83.5,SAME-AS
400ae9ef-e302-4fff-80dd-4677c20668f4,,Anal fistula,,Diagnosis,N/A,Anal fistula,,,,,ICD-10-WHO,K60.5,SAME-AS
424de95e-8934-45bf-9edf-829fa12ff561,,Febrile rash,,Diagnosis,N/A,Febrile rash,,,,,,,
43223694-5bbb-4cff-8f2f-0ba5efed8e04,,Eclampsia,,Diagnosis,N/A,Eclampsia,,,,,ICD-10-WHO,O15.9,SAME-AS
461314b9-d351-4e97-b6d7-441bc1903e5d,,Chronic kidney disease,,Diagnosis,N/A,Chronic kidney disease,,,,,ICD-10-WHO,N18.9,SAME-AS
489db96c-ef65-40d2-a96b-a2f0c59645fb,,Psychosomatic disorder,,Diagnosis,N/A,Psychosomatic disorder,,,,,ICD-10-WHO,F45.9,SAME-AS
49AAAAAAAAAAAAAAAAAAAAAAAAAAAAAAAAAA,,Vesico-vaginal fistula,,Diagnosis,N/A,Vesico-vaginal fistula,,,,,ICD-10-WHO,N82.0,SAME-AS
163411AAAAAAAAAAAAAAAAAAAAAAAAAAAAAA,,Foot ulcer,,Diagnosis,N/A,Foot ulcer,,,,,ICD-10-WHO,L97,NARROWER-THAN
4bb094a6-c74b-4481-8f81-b98ff8e4cc39,,Hyperglycemia,,Diagnosis,N/A,Hyperglycemia,,,,,ICD-10-WHO,R73.9,SAME-AS
51ba536f-6d36-4c43-9d3c-822f511b31ec,,Hypothyroidism,,Diagnosis,N/A,Hypothyroidism,,,,,ICD-10-WHO,E03.9,SAME-AS
5367e9e0-3330-44a4-a323-9a23967db603,,"Prematurity, 32 weeks",,Diagnosis,N/A,"Prematurity, 32 weeks",,,,,ICD-10-WHO,P07.3,SAME-AS
5694db9f-82d8-4506-8761-e82f0bebff87,,Viral Conjunctivitis,,Diagnosis,N/A,Viral Conjunctivitis,,,,,ICD-10-WHO,B30.9,SAME-AS
5986f9bb-b257-43d6-9568-0172bf83eb91,,Acute flaccid paralysis,,Diagnosis,N/A,Acute flaccid paralysis,,,,,ICD-10-WHO,G83.9,SAME-AS
5c83dc07-c8ca-4dd8-8d69-abe99b0cf774,,HIV complicating pregnancy,,Diagnosis,N/A,HIV complicating pregnancy,,,,,ICD-10-WHO,O98.7,SAME-AS
5c8dd9c2-104a-4f45-8db2-79bbd52ea365,,Moderate anemia,,Diagnosis,N/A,Moderate anemia,,,,,ICD-10-WHO,D64.9,SAME-AS
5cb2d331-7b07-4113-8a96-21c1f5d46937,,Heavy for gestational age,,Diagnosis,N/A,Heavy for gestational age,,,,,ICD-10-WHO,P08.1,SAME-AS
60184910-5086-4110-a501-382c1c991286,,Grand mal seizure,,Diagnosis,N/A,Grand mal seizure,,,,,ICD-10-WHO,G40.6,SAME-AS
6387ebbf-0331-45ba-a8c3-fecfad021e75,,Preterm Delivery,,Diagnosis,N/A,Preterm Delivery,,,,,ICD-10-WHO,O60.1,SAME-AS
641f4fe3-cac2-46c4-aa94-c8b6d05e9407,,Hypoglycemia,,Diagnosis,N/A,Hypoglycemia,,,,,ICD-10-WHO,E16.2,SAME-AS
64b1ce2e-530e-4f59-be3f-a9c70c909131,,Tinea,,Diagnosis,N/A,Tinea,,,,,ICD-10-WHO,B35.9,SAME-AS
659dc37c-c018-47c4-a532-f7ecb41be2a9,,Icteric febrile syndrome,,Diagnosis,N/A,Icteric febrile syndrome,,,,,,,
676109cc-511c-460d-b85f-30298f9f1e37,,"Prematurity, 29 weeks",,Diagnosis,N/A,"Prematurity, 29 weeks",,,,,ICD-10-WHO,P07.3,SAME-AS
6c54f2dc-0873-43fc-afb4-106572936455,,Pulmonary Edema,,Diagnosis,N/A,Pulmonary Edema,,,,,ICD-10-WHO,J81,SAME-AS
7018a636-4e28-4681-969d-9caf98178abb,,Liver Failure,,Diagnosis,N/A,Liver Failure,,,,,ICD-10-WHO,K72.9,SAME-AS
706b6f34-4bca-4617-9cf3-3eb77cfc0a38,,Hemorrhage,,Diagnosis,N/A,Hemorrhage,,,,,ICD-10-WHO,R58,SAME-AS
70879652-fb88-4cf1-b11c-f2d081a0f6d1,,Atrial fibrillation,,Diagnosis,N/A,Atrial fibrillation,,,,,ICD-10-WHO,I48,SAME-AS
716cd9b6-029d-4e16-89c3-7c0778539b9c,,Drug-induced mental and behavior disorder,,Diagnosis,N/A,Drug-induced mental and behavior disorder,,,,,ICD-10-WHO,F19.9,SAME-AS
78c770ef-fb8d-4405-82d0-211f410ec31d,,Cognitive impairment,,Diagnosis,N/A,Cognitive impairment,,,,,ICD-10-WHO,F79.9,SAME-AS
78de357e-96f8-446c-89f7-b302e6040363,,Hemorrhoids,,Diagnosis,N/A,Hemorrhoids,,,,,ICD-10-WHO,I84,SAME-AS
7b11675c-2c20-4fd5-8ccd-a5547f330ebd,,Hypovolemia,,Diagnosis,N/A,Hypovolemia,,,,,ICD-10-WHO,E86,SAME-AS
7c4d837b-5967-4ba6-902c-ca7651bebf34,,Pain,,Diagnosis,N/A,Pain,,,,,ICD-10-WHO,R52.9,SAME-AS
816222a9-465a-4f18-bf01-2f38c8982e18,,Anemia in Pregnancy,,Diagnosis,N/A,Anemia in Pregnancy,,,,,ICD-10-WHO,O99.0,SAME-AS
83aa41e8-54e2-4c54-8f01-b6446ad69f64,,Neonatal skin infection,,Diagnosis,N/A,Neonatal skin infection,,,,,ICD-10-WHO,P39.4,SAME-AS
85cbab56-d3a0-4d69-8dec-1bef86e25208,,Neonatal Septicemia,,Diagnosis,N/A,Neonatal Septicemia,,,,,ICD-10-WHO,P36.9,SAME-AS
894f306e-a868-44b8-b580-93495e3cca4c,,Renal Failure,,Diagnosis,N/A,Renal Failure,,,,,ICD-10-WHO,N19,SAME-AS
8b26ecd3-8726-4c8e-b042-cbe71e44a863,,Type 2 Diabetes,,Diagnosis,N/A,Type 2 Diabetes,,,,,ICD-10-WHO,E11,SAME-AS
8cd74e24-7289-46fa-a0c2-8f4b10551a53,,"Prematurity, 33 weeks",,Diagnosis,N/A,"Prematurity, 33 weeks",,,,,ICD-10-WHO,P07.3,SAME-AS
8e762782-1fe4-4952-8b6c-6760b06c5687,,Mild dehydration,,Diagnosis,N/A,Mild dehydration,,,,,ICD-10-WHO,E86,SAME-AS
911c064e-5247-4017-a9fd-b30105c36052,,Shock,,Diagnosis,N/A,Shock,,,,,ICD-10-WHO,R57.9,SAME-AS
932d395c-d509-4d42-bac4-5a3281efe149,,Gestational diabetes,,Diagnosis,N/A,Gestational diabetes,,,,,ICD-10-WHO,O24.4,SAME-AS
94b056da-61ac-4ae9-bb30-58290d62af61,,Severe pre-eclampsia,,Diagnosis,N/A,Severe pre-eclampsia,,,,,ICD-10-WHO,O14.1,SAME-AS
99bdae84-e44f-469e-8c13-75912f3c3e55,,Allergic conjunctivitis,,Diagnosis,N/A,Allergic conjunctivitis,,,,,ICD-10-WHO,H10.1,SAME-AS
9e856570-cb13-4452-9fcc-b35b4c1cb990,,Liver cirrhosis,,Diagnosis,N/A,Liver cirrhosis,,,,,ICD-10-WHO,K74.6,SAME-AS
a12c8950-6ab0-4198-9f0a-f270010ea459,,Respiratory distress of newborn,,Diagnosis,N/A,Respiratory distress of newborn,,,,,ICD-10-WHO,P22.9,SAME-AS
a18f0792-c770-4985-a287-d6b52bca38be,,General good health,,Diagnosis,N/A,General good health,,,,,,,
a31bbcf1-0374-4160-8cfe-8271e096762d,,Post traumatic stress disorder,,Diagnosis,N/A,Post traumatic stress disorder,,,,,ICD-10-WHO,F43.1,SAME-AS
a5c9e08b-7a77-438f-baac-97d8bb4a3ece,,Fetal Distress,,Diagnosis,N/A,Fetal Distress,,,,,ICD-10-WHO,P20.9,SAME-AS
a9b348f4-4108-4b60-9af5-be599923ee23,,Herpes Simplex,,Diagnosis,N/A,Herpes Simplex,,,,,ICD-10-WHO,B00.9,SAME-AS
aaf7037c-5dd7-4cd5-b1c7-6db20865db9f,,Severe anemia,,Diagnosis,N/A,Severe anemia,,,,,ICD-10-WHO,D64.9,SAME-AS
aba3e3ef-b63f-4d45-bbea-9fed319610dd,,Impetigo,,Diagnosis,N/A,Impetigo,,,,,ICD-10-WHO,L01.0,SAME-AS
ac9451e3-46f2-4ffc-9b8c-69d620980253,,Dental problem,,Diagnosis,N/A,Dental problem,,,,,ICD-10-WHO,K08,SAME-AS
af8dfe53-6447-4b64-9b51-3f13b7978421,,"Prematurity, 36 weeks",,Diagnosis,N/A,"Prematurity, 36 weeks",,,,,ICD-10-WHO,P07.3,SAME-AS
b07490b1-4d9f-4f54-ada9-a2f2a06436b5,,Neonatal conjunctivitis,,Diagnosis,N/A,Neonatal conjunctivitis,,,,,ICD-10-WHO,P39.1,SAME-AS
b44d7053-8fd7-4bb2-bf8c-f869c399d0e0,,Uterine rupture,,Diagnosis,N/A,Uterine rupture,,,,,ICD-10-WHO,S37.6,SAME-AS
b4a0a218-da5b-4a28-b51a-e0fcc360400c,,Insertion of copper IUD,,Diagnosis,N/A,Insertion of copper IUD,,,,,ICD-10-WHO,Z30.1,SAME-AS
b4a21c47-82a8-4dcd-9465-5bbc9245797a,,Congestive heart failure exacerbation,,Diagnosis,N/A,Congestive heart failure exacerbation,,,,,ICD-10-WHO,I50.9,SAME-AS
b7690a09-e5e5-4b47-adc5-c76b654772d3,,Moderate dehydration,,Diagnosis,N/A,Moderate dehydration,,,,,ICD-10-WHO,E86,SAME-AS
b83dbc0e-b17f-4376-a0b9-c91d905bc1d7,,Viral Hepatitis,,Diagnosis,N/A,Viral Hepatitis,,,,,ICD-10-WHO,B19.9,SAME-AS
b84addb9-b310-46bd-a863-53b0f71e32bc,,"Prematurity, 35 weeks",,Diagnosis,N/A,"Prematurity, 35 weeks",,,,,ICD-10-WHO,P07.3,SAME-AS
b9ea05e1-8c6d-4f33-a9ba-04f982c3e718,,Ovarian cyst,,Diagnosis,N/A,Ovarian cyst,,,,,ICD-10-WHO,N83.2,SAME-AS
bc030c35-0b8a-492c-a938-eee7f5e10e4b,,"Prematurity, 34 weeks",,Diagnosis,N/A,"Prematurity, 34 weeks",,,,,ICD-10-WHO,P07.3,SAME-AS
be17f4c4-ca39-4ee4-bdaf-6f666fc3aa17,,Endocarditis,,Diagnosis,N/A,Endocarditis,,,,,ICD-10-WHO,I38,SAME-AS
be7adab0-2ed5-44d7-972e-586911b08c8e,,Chronic obstructive pulmonary disease,,Diagnosis,N/A,Chronic obstructive pulmonary disease,,,,,ICD-10-WHO,J44.9,SAME-AS
c00b2ff0-e3f2-4148-8443-4b36bdfd6062,,Pyelonephritis,,Diagnosis,N/A,Pyelonephritis,,,,,ICD-10-WHO,N12,SAME-AS
c08b15ef-255c-4f55-981d-d5db6f80b457,,Other Sexually Transmitted Chlamydial Diseases,,Diagnosis,N/A,Other Sexually Transmitted Chlamydial Diseases,,,,,ICD-10-WHO,A56,SAME-AS
c9b21031-f76d-463e-823a-cefdb35ed259,,Injury to eye region,,Diagnosis,N/A,Injury to eye region,,,,,ICD-10-WHO,S05.9,SAME-AS
cb361f70-cd02-4112-8e1c-0ddbc81f06d7,,Acute Vaginitis,,Diagnosis,N/A,Acute Vaginitis,,,,,ICD-10-WHO,N76.0,SAME-AS
cb59449c-9544-4b12-8357-e31b2bd115e9,,"Prematurity, 28 weeks",,Diagnosis,N/A,"Prematurity, 28 weeks",,,,,ICD-10-WHO,P07.3,SAME-AS
cb66c7fd-1a28-4e6e-82f8-b6f8e83676aa,,Tinea cruris,,Diagnosis,N/A,Tinea cruris,,,,,ICD-10-WHO,B35.6,SAME-AS
cbde94b4-214a-4c25-a8e3-c39f787064f8,,Trichomoniasis,,Diagnosis,N/A,Trichomoniasis,,,,,ICD-10-WHO,A59.9,SAME-AS
cd3cb51a-732a-463e-bd66-9473130c2b5a,,Lymphadenitis,,Diagnosis,N/A,Lymphadenitis,,,,,ICD-10-WHO,I88.9,SAME-AS
cebab55d-f1b5-43b2-a501-9fac600e6ac5,,"Prematurity, 31 weeks",,Diagnosis,N/A,"Prematurity, 31 weeks",,,,,ICD-10-WHO,P07.3,SAME-AS
d34c0f6f-2fc1-4a95-bbde-e98b073df299,,Gout,,Diagnosis,N/A,Gout,,,,,ICD-10-WHO,M10.9,SAME-AS
d4c6945e-9328-4d0c-91c5-20c853f0afa6,,Congenital Heart Disease,,Diagnosis,N/A,Congenital Heart Disease,,,,,ICD-10-WHO,Q24.9,SAME-AS
d7302f50-6cf4-46c9-9fa6-1f9031e22c95,,Pericardial effusion,,Diagnosis,N/A,Pericardial effusion,,,,,ICD-10-WHO,I31.3,SAME-AS
dd050085-ef34-4318-9423-c4ed666ac372,,Left without seeing a clinician,,Diagnosis,N/A,Left without seeing a clinician,,,,,,,
dfff5a9e-26e7-4cc5-a353-11beafe2fc16,,Petit mal seizure,,Diagnosis,N/A,Petit mal seizure,,,,,ICD-10-WHO,G40.7,SAME-AS
e1bd48c3-4efd-4e0e-8672-447f3259e529,,"Malaria in Mother Complicating Pregnancy, Childbirth and/or Puerperium",,Diagnosis,N/A,"Malaria in Mother Complicating Pregnancy, Childbirth and/or Puerperium",,,,,ICD-10-WHO,O98.6,SAME-AS
e26d7578-8d90-40f8-9d34-895c6bc53bba,,Acute lower respiratory infection,,Diagnosis,N/A,Acute lower respiratory infection,,,,,ICD-10-WHO,J22,SAME-AS
e44dae58-fec8-4567-bd44-e989232af0e7,,Obstructed Labor,,Diagnosis,N/A,Obstructed Labor,,,,,ICD-10-WHO,O66.8,SAME-AS
e482ae7f-bb0a-46f3-a7d6-7fcde9577b16,,Tobacco-induced mental and behavior disorder,,Diagnosis,N/A,Tobacco-induced mental and behavior disorder,,,,,ICD-10-WHO,F17.9,SAME-AS
e7191785-b3bf-4027-8185-de575e526210,,Umbilical hernia,,Diagnosis,N/A,Umbilical hernia,,,,,ICD-10-WHO,K42.9,SAME-AS
e817c1ec-f03a-4c73-9087-d7df8b4795b4,,Benign Neoplasm Of Breast,,Diagnosis,N/A,Benign Neoplasm Of Breast,,,,,ICD-10-WHO,D24,SAME-AS
e8f50e9b-a71a-4aad-8940-e72af3cb78ff,,Balanitis,,Diagnosis,N/A,Balanitis,,,,,ICD-10-WHO,N48.1,SAME-AS
e99123ff-7906-4bf6-906e-cd0b1d555e27,,Gastroesophageal Reflux,,Diagnosis,N/A,Gastroesophageal Reflux,,,,,ICD-10-WHO,K21.9,SAME-AS
edf4ecc4-44f6-457a-b561-179f4426b16a,,Diabetes,,Diagnosis,N/A,Diabetes,,,,,ICD-10-WHO,E14.9,SAME-AS
ee859a72-dd13-4896-a67e-bf02b545c584,,"Prematurity, 30 weeks",,Diagnosis,N/A,"Prematurity, 30 weeks",,,,,ICD-10-WHO,P07.3,SAME-AS
f6320f6f-4acf-4143-abb5-02001a19e4f3,,Cervical dysplasia,,Diagnosis,N/A,Cervical dysplasia,,,,,ICD-10-WHO,N87.9,SAME-AS
fb6833c9-1cfc-4502-a338-383f1a9d8634,,Mild anemia,,Diagnosis,N/A,Mild anemia,,,,,ICD-10-WHO,D64.9,SAME-AS
fc536715-fd84-4538-bac0-bf0ee8a8ecdf,,Hyperkalemia,,Diagnosis,N/A,Hyperkalemia,,,,,ICD-10-WHO,E87.5,SAME-AS
fc85e7c1-910e-4877-922a-f5448339f303,,Acute renal failure,,Diagnosis,N/A,Acute renal failure,,,,,ICD-10-WHO,N17.9,SAME-AS
fdcebb03-3c5c-4d61-8a71-8c4a2e0ae6cb,,Peritonsillar abscess,,Diagnosis,N/A,Peritonsillar abscess,,,,,ICD-10-WHO,J36,SAME-AS
fe7787ea-59ba-4427-b3df-62e9dc74d4a3,,Hypertensive Heart Disease,,Diagnosis,N/A,Hypertensive Heart Disease,,,,,ICD-10-WHO,I11,SAME-AS
127579AAAAAAAAAAAAAAAAAAAAAAAAAAAAAA,,Retention of unine,,Diagnosis,N/A,Retention of unine,,,,,ICD-10-WHO,R33,SAME-AS
113858AAAAAAAAAAAAAAAAAAAAAAAAAAAAAA,,Maternal Hypertension,,Diagnosis,N/A,Maternal Hypertension,,,,,ICD-10-WHO,O16,SAME-AS
aea6def4-499a-4bf3-a9df-edeec7dd00b1,,Tetanus Obstetrical,,Diagnosis,N/A,Tetanus Obstetrical,,,,,ICD-10-WHO,A34,SAME-AS
134788AAAAAAAAAAAAAAAAAAAAAAAAAAAAAA,,Malignant neoplasm of prostate,,Diagnosis,N/A,Malignant neoplasm of prostate,,,,,ICD-10-WHO,C61,SAME-AS
140476AAAAAAAAAAAAAAAAAAAAAAAAAAAAAA,,Feeding difficulties,,Diagnosis,N/A,Feeding difficulties,,,,,ICD-10-WHO,R63.3,SAME-AS
124818AAAAAAAAAAAAAAAAAAAAAAAAAAAAAA,,threatened preterm delivery,,Diagnosis,N/A,threatened preterm delivery,,,,,ICD-10-WHO,O60.0,SAME-AS
113617AAAAAAAAAAAAAAAAAAAAAAAAAAAAAA,,Prolapsed umbilical cord,,Diagnosis,N/A,Prolapsed umbilical cord,,,,,ICD-10-WHO,O69.0,SAME-AS
112163AAAAAAAAAAAAAAAAAAAAAAAAAAAAAA,,Tuberculoid leprosy,,Diagnosis,N/A,Tuberculoid leprosy,,,,,ICD-10-WHO,A30.1,SAME-AS
133604AAAAAAAAAAAAAAAAAAAAAAAAAAAAAA,,NTB mycobacterial infection,,Diagnosis,N/A,NTB mycobacterial infection,,,,,ICD-10-WHO,A31.9,SAME-AS
138681AAAAAAAAAAAAAAAAAAAAAAAAAAAAAA,,Whitlow,,Diagnosis,N/A,Whitlow,,,,,ICD-10-WHO,B00.8,SAME-AS
141204AAAAAAAAAAAAAAAAAAAAAAAAAAAAAA,,"Hand,foot and mouth disease",,Diagnosis,N/A,"Hand,foot and mouth disease",,,,,ICD-10-WHO,B08.4,SAME-AS
3cd9c60a-26fe-102b-80cb-0017a47871b2,,Pneumocystis carinii Pneumoniae (PCP),,Diagnosis,N/A,Pneumocystis carinii Pneumoniae (PCP),,,,,ICD-10-WHO,B59,SAME-AS
134734AAAAAAAAAAAAAAAAAAAAAAAAAAAAAA,,Malignant neoplasm of vulva,,Diagnosis,N/A,Malignant neoplasm of vulva,,,,,ICD-10-WHO,C51.9,SAME-AS
139233AAAAAAAAAAAAAAAAAAAAAAAAAAAAAA,,Guillain-Barre Syndrome,,Diagnosis,N/A,Guillain-Barre Syndrome,,,,,ICD-10-WHO,G61.0,SAME-AS
117690AAAAAAAAAAAAAAAAAAAAAAAAAAAAAA,,Coronary valve disease,,Diagnosis,N/A,Coronary valve disease,,,,,ICD-10-WHO,I38,SAME-AS
162535AAAAAAAAAAAAAAAAAAAAAAAAAAAAAA,,Pain Thoracic Spine,,Diagnosis,N/A,Pain Thoracic Spine,,,,,ICD-10-WHO,M54.6,SAME-AS
128494AAAAAAAAAAAAAAAAAAAAAAAAAAAAAA,,Primary amenorrhoea,,Diagnosis,N/A,Primary amenorrhoea,,,,,ICD-10-WHO,N91.0,SAME-AS
126884AAAAAAAAAAAAAAAAAAAAAAAAAAAAAA,,Secondary amenorrhoea,,Diagnosis,N/A,Secondary amenorrhoea,,,,,ICD-10-WHO,N91.1,SAME-AS
155579AAAAAAAAAAAAAAAAAAAAAAAAAAAAAA,,Chronic pelvic pain,,Diagnosis,N/A,Chronic pelvic pain,,,,,ICD-10-WHO,N94.9,SAME-AS
156206AAAAAAAAAAAAAAAAAAAAAAAAAAAAAA,,"Low birth weight, extreme, < 1000 gm",,Diagnosis,N/A,"Low birth weight, extreme, < 1000 gm",,,,,ICD-10-WHO,P07.0,SAME-AS
157543AAAAAAAAAAAAAAAAAAAAAAAAAAAAAA,,"Low birth weight, 1000-1249 gm",,Diagnosis,N/A,"Low birth weight, 1000-1249 gm",,,,,ICD-10-WHO,P07.1,SAME-AS
162237AAAAAAAAAAAAAAAAAAAAAAAAAAAAAA,,"Low birth weight, 1750-1999 gm",,Diagnosis,N/A,"Low birth weight, 1750-1999 gm",,,,,ICD-10-WHO,P07.1,SAME-AS
162239AAAAAAAAAAAAAAAAAAAAAAAAAAAAAA,,"Low birth weight, 2000-2499 gm",,Diagnosis,N/A,"Low birth weight, 2000-2499 gm",,,,,ICD-10-WHO,P07.1,SAME-AS
157543AAAAAAAAAAAAAAAAAAAAAAAAAAAAAA,,Low birth weight (1000 - 2499g),,Diagnosis,N/A,Low birth weight (1000 - 2499g),,,,,ICD-10-WHO,P07.1,SAME-AS
111523AAAAAAAAAAAAAAAAAAAAAAAAAAAAAA,,"Prematurity, extreme, < 28 weeks",,Diagnosis,N/A,"Prematurity, extreme, < 28 weeks",,,,,ICD-10-WHO,P07.2,SAME-AS
127638AAAAAAAAAAAAAAAAAAAAAAAAAAAAAA,,Respiratory distress syndrome in newborn,,Diagnosis,N/A,Respiratory distress syndrome in newborn,,,,,ICD-10-WHO,P22.0,SAME-AS
112264AAAAAAAAAAAAAAAAAAAAAAAAAAAAAA,,Transient tachypnea of the newborn,,Diagnosis,N/A,Transient tachypnea of the newborn,,,,,ICD-10-WHO,P22.1,SAME-AS
162238AAAAAAAAAAAAAAAAAAAAAAAAAAAAAA,,Aspiration of amniotic fluid,,Diagnosis,N/A,Aspiration of amniotic fluid,,,,,ICD-10-WHO,P24.1,SAME-AS
152265AAAAAAAAAAAAAAAAAAAAAAAAAAAAAA,,Aspiration of milk and regurgitated fluid,,Diagnosis,N/A,Aspiration of milk and regurgitated fluid,,,,,ICD-10-WHO,P24.3,SAME-AS
115378AAAAAAAAAAAAAAAAAAAAAAAAAAAAAA,,Aspiration of newborn,,Diagnosis,N/A,Aspiration of newborn,,,,,ICD-10-WHO,P24.9,SAME-AS
121519AAAAAAAAAAAAAAAAAAAAAAAAAAAAAA,,Apnea of the newborn,,Diagnosis,N/A,Apnea of the newborn,,,,,ICD-10-WHO,P28.4,SAME-AS
132407AAAAAAAAAAAAAAAAAAAAAAAAAAAAAA,,Omphalitis of newborn,,Diagnosis,N/A,Omphalitis of newborn,,,,,ICD-10-WHO,P38,SAME-AS
117606AAAAAAAAAAAAAAAAAAAAAAAAAAAAAA,,Hemorrhagic disease of the newborn,,Diagnosis,N/A,Hemorrhagic disease of the newborn,,,,,ICD-10-WHO,P53,SAME-AS
136281AAAAAAAAAAAAAAAAAAAAAAAAAAAAAA,,Kernicterus,,Diagnosis,N/A,Kernicterus,,,,,ICD-10-WHO,P57.9,SAME-AS
156720AAAAAAAAAAAAAAAAAAAAAAAAAAAAAA,,Hypoxic ischemic encephalopathy in newborn,,Diagnosis,N/A,Hypoxic ischemic encephalopathy in newborn,,,,,ICD-10-WHO,P91.6,SAME-AS
122981AAAAAAAAAAAAAAAAAAAAAAAAAAAAAA,,Vomiting in the newborn,,Diagnosis,N/A,Vomiting in the newborn,,,,,ICD-10-WHO,P92.0,SAME-AS
120049AAAAAAAAAAAAAAAAAAAAAAAAAAAAAA,,Congenital malformation of the spinal cord,,Diagnosis,N/A,Congenital malformation of the spinal cord,,,,,ICD-10-WHO,Q06.9,SAME-AS
117989AAAAAAAAAAAAAAAAAAAAAAAAAAAAAA,,Skull fracture,,Diagnosis,N/A,Skull fracture,,,,,ICD-10-WHO,S02.9,SAME-AS
118003AAAAAAAAAAAAAAAAAAAAAAAAAAAAAA,,Rib Fracture,,Diagnosis,N/A,Rib Fracture,,,,,ICD-10-WHO,S22.3,SAME-AS
152405AAAAAAAAAAAAAAAAAAAAAAAAAAAAAA,,Traumatic rupture of lumbar disc,,Diagnosis,N/A,Traumatic rupture of lumbar disc,,,,,ICD-10-WHO,S33.0,SAME-AS
142162AAAAAAAAAAAAAAAAAAAAAAAAAAAAAA,,Finger Dislocation,,Diagnosis,N/A,Finger Dislocation,,,,,ICD-10-WHO,S63.1,SAME-AS
112250AAAAAAAAAAAAAAAAAAAAAAAAAAAAAA,,"Amputation, limb",,Diagnosis,N/A,"Amputation, limb",,,,,ICD-10-WHO,T11.6,SAME-AS
162316AAAAAAAAAAAAAAAAAAAAAAAAAAAAAA,,Newborn exposure to syphilis,,Diagnosis,N/A,Newborn exposure to syphilis,,,,,ICD-10-WHO,Z20.2,SAME-AS
161885AAAAAAAAAAAAAAAAAAAAAAAAAAAAAA,,Insertion of Intrauterine device,,Diagnosis,N/A,Insertion of Intrauterine device,,,,,ICD-10-WHO,Z30.1,SAME-AS
161886AAAAAAAAAAAAAAAAAAAAAAAAAAAAAA,,Encounter for insertion of hormonal IUD,,Diagnosis,N/A,Encounter for insertion of hormonal IUD,,,,,ICD-10-WHO,Z30.1,SAME-AS
162817AAAAAAAAAAAAAAAAAAAAAAAAAAAAAA,,Encounter for removal of intrauterine contraceptive device,,Diagnosis,N/A,Encounter for removal of intrauterine contraceptive device,,,,,ICD-10-WHO,Z30.5,SAME-AS
161884AAAAAAAAAAAAAAAAAAAAAAAAAAAAAA,,Review of other normal pregnancy,,Diagnosis,N/A,Review of other normal pregnancy,,,,,ICD-10-WHO,Z34.8,SAME-AS
162194AAAAAAAAAAAAAAAAAAAAAAAAAAAAAA,,Active phase for labor,,Diagnosis,N/A,Active phase for labor,,,,,ICD-10-WHO,Z37.9,SAME-AS
162194AAAAAAAAAAAAAAAAAAAAAAAAAAAAAA,,Imminent delivery,,Diagnosis,N/A,Imminent delivery,,,,,ICD-10-WHO,Z37.9,SAME-AS
122355AAAAAAAAAAAAAAAAAAAAAAAAAAAAAA,,Twin born in hospital,,Diagnosis,N/A,Twin born in hospital,,,,,ICD-10-WHO,Z38.3,SAME-AS
e341df26-3751-4c65-b958-bebb3bb60cfa,,Post-viral syndrome,,Diagnosis,N/A,Post-viral syndrome,,,,,,,
